<?xml version="1.0" encoding="utf-8"?>
<!--Switan-->
<window>
    <defaultcontrol>7</defaultcontrol>
    <controls>
        <!--Dialog Overlay-->
        <include>DialogOverlayExtra</include>
		<include condition="Skin.HasSetting(EnableTouchSupport)">Footer</include>
		
        <!--Dialog Tex Viewer-->
        <control type="group">
            <include>animation_window_open_close</include>
			
			<control type="image">
                <!--Panel-->
                <posx>445</posx>
                <posy>150</posy>
                <width>1030</width>
                <height>771</height>
                <texture border="15">diffuse/bgpanel.png</texture>
				<colordiffuse>$INFO[Skin.String(GeneralPanelsColor)]</colordiffuse>
				
            </control>
			<control type="image">
                <!--Panel-->
                 <posx>445</posx>
                <posy>150</posy>
                <width>1030</width>
                <height>771</height>
				<texture border="15">diffuse/bgpanel.png</texture>
				<bordersize>10</bordersize>
				<colordiffuse>$INFO[Skin.String(GeneralPanelsColor)]</colordiffuse>
				
            </control>
			
			
			 <control type="label" id="1">
                <description>Heading</description>
                <posx>473</posx>
                <posy>170</posy>
                <width>974</width>
                <label>-</label>
                <include>DialogHeader</include>
                <align>center</align>
            </control>
			
            <control type="image">
                <posx>479</posx>
                <posy>265</posy>
                <width>962</width>
                <height>548</height>
                <texture border="5">dialogs/default/inner.png</texture>
            </control>
			
			
			
            <control type="textbox" id="5">
                <description>textarea</description>
                <posx>495</posx>
                <posy>275</posy>
                <width>930</width>
                <height>530</height>
                <label>-</label>
                <include condition="!Skin.HasTheme(classic)">DialogLabel</include>
                <include condition="Skin.HasTheme(classic)">DialogLabel</include>
                <align>left</align>
                <pagecontrol>61</pagecontrol>
            </control>
            <control type="scrollbar" id="61">
                <posx>1426</posx>
                <posy>268</posy>
                <height>541</height>
                <onleft>8000</onleft>
                <onright>8000</onright>
                <showonepage>false</showonepage>
                <orientation>vertical</orientation>
                <animation effect="fade" start="75" end="0" time="300" tween="sine" easing="inout" condition="!Control.IsVisible(62)">Conditional</animation>
            </control>
            <control type="group" id="8000">
                <posx>466</posx>
                <posy>809</posy>
                <control type="button" id="7">
                    <posx>0</posx>
                    <description>Close</description>
                    <label>$LOCALIZE[222]</label>
                    <include>DialogButtonOther</include>
                    <onclick>PreviousMenu</onclick>
                    <onleft>61</onleft>
                    <onright>61</onright>
                    <onup>61</onup>
                    <ondown>61</ondown>
                    <animation effect="fade" start="100" end="75" time="0" condition="!Control.IsEnabled(7)">Conditional</animation>
                </control>
            </control>
        </control>
    </controls>
</window>