<?xml version="1.0" encoding="utf-8"?>
<!--Switan-->
<window>
    <defaultcontrol>5000</defaultcontrol>
	<allowoverlay>no</allowoverlay>
	
	<onunload>ClearProperty(ShowViewSubMenu, Home)</onunload>
	<include>allViewIds</include>
    <controls>
        <!--Global Background-->
        <include>GlobalBackground</include>
		
        <!--Header-->
        <include>Header</include>
 		<!--NowPlaying-->
        <include condition="Skin.HasTheme(classic)">NowPlayingMusicClassic</include>
        <include condition="Skin.HasTheme(classic)">NowPlayingVideoClassic</include>
		<include condition="!Skin.HasTheme(classic)">NowPlayingModern</include>
		
		<!--PVR Views-->
        <include>allViews</include>

        <!--Sub Menu-->
        <include condition="!Skin.HasSetting(DisableSideBladeIndicator)">SideBladeMenuTabLeft</include>
		<include condition="!Skin.HasSetting(DisableSideBladeIndicator)">SideBladeMenuTabTop</include>
		<include>PVRsideblade</include>
        <include condition="Skin.HasSetting(DebugGrid) | Skin.HasSetting(DebugInfo)">DebugInfo</include>
    </controls>
</window>