<?xml version="1.0" encoding="utf-8"?>
<!--Switan-->
<includes>
	
	<include name="SlimListLayout">

		<!--Title-->
		<control type="label">
			<posx>10</posx>
			<align>left</align>
			<width>63%</width>
			<label>[B]$INFO[ListItem.Label][/B]</label>
			<textcolor>$INFO[Skin.String(ViewDetailsListItemTextColor)]</textcolor>
            <visible>![Window.IsActive(tvchannels) | Window.IsActive(tvguide) | Window.IsActive(tvtimers) | Window.IsActive(tvsearch) | Window.IsActive(tvrecordings) | Window.IsActive(addonbrowser)]</visible>
			<font>Light30</font>
		</control>
         <!--Details PVR or addons-->
		<control type="label">
			<posx>10</posx>
			<align>left</align>
			<width>90%</width>
			<label>[B]$INFO[ListItem.Label][/B]$VAR[ListDetails, • ]</label>
			<textcolor>$INFO[Skin.String(ViewDetailsListItemTextColor)]</textcolor>
			<font>Light30</font>
            <visible>[Window.IsActive(tvchannels) | Window.IsActive(tvguide) | Window.IsActive(tvtimers) | Window.IsActive(tvsearch) | Window.IsActive(tvrecordings) | Window.IsActive(addonbrowser)]</visible>
		</control>
		
		<!--quality-->
		<control type="label">
			<right>5</right>
			<width>80</width>
			<align>right</align>
			<label>[B]$VAR[HDIndicator][/B]</label>
			<textcolor>$INFO[Skin.String(ViewDetailsListItemTextColor)]</textcolor>
			<font>Light28</font>
            <visible>![Window.IsActive(tvchannels) | Window.IsActive(tvguide) | Window.IsActive(tvtimers) | Window.IsActive(tvsearch) | Window.IsActive(tvrecordings) | Window.IsActive(addonbrowser)]</visible>
			<visible>![[Skin.HasSetting(WatchedIndicator.Watched) + String.IsEqual(ListItem.Overlay,OverlayWatched.png)] | [Skin.HasSetting(WatchedIndicator.Sets) + String.Contains(ListItem.Path,videodb://movies/sets/)] | [Skin.HasSetting(WatchedIndicator.Progress) + ListItem.IsResumable] | [Skin.HasSetting(WatchedIndicator.Episodes) + Integer.IsGreater(ListItem.Property(UnWatchedEpisodes),0)] | ListItem.IsPlaying | ListItem.IsRecording | Skin.HasSetting(WatchedIndicator.UnWatched)]</visible>
		</control>
		
		<!--Rating-->
		<control type="label">
			<right>80</right>
			<width>80</width>
			<align>center</align>
			<label>$INFO[ListItem.Rating]</label>
			<textcolor>$INFO[Skin.String(ViewDetailsListItemTextColor)]</textcolor>
			<font>Light28</font>
            <visible>![Window.IsActive(tvchannels) | Window.IsActive(tvguide) | Window.IsActive(tvtimers) | Window.IsActive(tvsearch) | Window.IsActive(tvrecordings) | Window.IsActive(addonbrowser)]</visible>
			<visible>!Control.IsVisible(51) + !Control.IsVisible(515)</visible>
		</control>
		
		
		<!--runtime-->
		<control type="label">
			<right>160</right>
			<width>140</width>
			<align>center</align>
			<label>$INFO[ListItem.Duration,, min.]</label>
			<textcolor>$INFO[Skin.String(ViewDetailsListItemTextColor)]</textcolor>
			<visible>![Skin.HasSetting(BigListViewShowInfo) + Control.IsVisible(51)] + !Control.IsVisible(515)</visible>
            <visible>![Window.IsActive(tvchannels) | Window.IsActive(tvguide) | Window.IsActive(tvtimers) | Window.IsActive(tvsearch) | Window.IsActive(tvrecordings) | Window.IsActive(addonbrowser)]</visible>
			<font>Light28</font>
		</control>
		
		<!--Year-->
		<control type="label">
			<right>320</right>
			<width>110</width>
			<align>center</align>
			<label>$INFO[ListItem.Year]</label>
			<textcolor>$INFO[Skin.String(ViewDetailsListItemTextColor)]</textcolor>
			<visible>![Skin.HasSetting(BigListViewShowInfo) + Control.IsVisible(51)] + !Control.IsVisible(515)</visible>
            <visible>![Window.IsActive(tvchannels) | Window.IsActive(tvguide) | Window.IsActive(tvtimers) | Window.IsActive(tvsearch) | Window.IsActive(tvrecordings) | Window.IsActive(addonbrowser)]</visible>
			<font>Light28</font>
		</control>
		
		<include>WatchedIndicatorSmall</include>
		
		<control type="image">
			<bottom>0</bottom>
			<posy>0</posy>
			<height>1</height>
			<texture>diffuse/panel.png</texture>
			<colordiffuse>grey</colordiffuse>
		</control>
	</include>

    <include name="SlimListLayoutFocus">
		<control type="image">
			<posx>0</posx>
			<posy>0</posy>
			<texture border="5">diffuse/panel.png</texture>
			<colordiffuse>$VAR[ViewDetailsFocusColor]</colordiffuse>
			
		</control>
		<!--Title-->
		<control type="label">
			<posx>10</posx>
			<align>left</align>
			<width>63%</width>
			<label>[B]$INFO[ListItem.Label][/B]</label>
			<textcolor>$INFO[Skin.String(ViewDetailsListItemTextFocusColor)]</textcolor>
			<font>Light30</font>
			<scroll>true</scroll>
            <visible>![Window.IsActive(tvchannels) | Window.IsActive(tvguide) | Window.IsActive(tvtimers) | Window.IsActive(tvsearch) | Window.IsActive(tvrecordings) | Window.IsActive(addonbrowser)]</visible>
		</control>
         <!--Details PVR or addons-->
		<control type="label">
			<posx>10</posx>
			<align>left</align>
			<width>90%</width>
			<label>[B]$INFO[ListItem.Label][/B]$VAR[ListDetails, • ]</label>
			<textcolor>$INFO[Skin.String(ViewDetailsListItemTextFocusColor)]</textcolor>
			<font>Light30</font>
            <visible>[Window.IsActive(tvchannels) | Window.IsActive(tvguide) | Window.IsActive(tvtimers) | Window.IsActive(tvsearch) | Window.IsActive(tvrecordings) | Window.IsActive(addonbrowser)]</visible>
		</control>
		
		<!--quality-->
		<control type="label">
			<right>5</right>
			<width>80</width>
			<align>right</align>
			<label>[B]$VAR[HDIndicator][/B]</label>
			<textcolor>$INFO[Skin.String(ViewDetailsListItemTextFocusColor)]</textcolor>
			<font>Light28</font>
            <visible>![Window.IsActive(tvchannels) | Window.IsActive(tvguide) | Window.IsActive(tvtimers) | Window.IsActive(tvsearch) | Window.IsActive(tvrecordings) | Window.IsActive(addonbrowser)]</visible>
			<visible>![[Skin.HasSetting(WatchedIndicator.Watched) + String.IsEqual(ListItem.Overlay,OverlayWatched.png)] | [Skin.HasSetting(WatchedIndicator.Sets) + String.Contains(ListItem.Path,videodb://movies/sets/)] | [Skin.HasSetting(WatchedIndicator.Progress) + ListItem.IsResumable] | [Skin.HasSetting(WatchedIndicator.Episodes) + Integer.IsGreater(ListItem.Property(UnWatchedEpisodes),0)] | ListItem.IsPlaying | ListItem.IsRecording | Skin.HasSetting(WatchedIndicator.UnWatched)]</visible>
		</control>
		
		<!--Rating-->
		<control type="label">
			<right>80</right>
			<width>80</width>
			<align>center</align>
			<label>$INFO[ListItem.Rating]</label>
			<textcolor>$INFO[Skin.String(ViewDetailsListItemTextFocusColor)]</textcolor>
			<font>Light28</font>
            <visible>![Window.IsActive(tvchannels) | Window.IsActive(tvguide) | Window.IsActive(tvtimers) | Window.IsActive(tvsearch) | Window.IsActive(tvrecordings) | Window.IsActive(addonbrowser)]</visible>
			<visible>!Control.IsVisible(51) + !Control.IsVisible(515)</visible>
		</control>
		
		
		<!--runtime-->
		<control type="label">
			<right>160</right>
			<width>140</width>
			<align>center</align>
			<label>$INFO[ListItem.Duration,, min.]</label>
			<textcolor>$INFO[Skin.String(ViewDetailsListItemTextFocusColor)]</textcolor>
			<visible>![Skin.HasSetting(BigListViewShowInfo) + Control.IsVisible(51)] + !Control.IsVisible(515)</visible>
            <visible>![Window.IsActive(tvchannels) | Window.IsActive(tvguide) | Window.IsActive(tvtimers) | Window.IsActive(tvsearch) | Window.IsActive(tvrecordings) | Window.IsActive(addonbrowser)]</visible>
			<font>Light28</font>
		</control>
		
		<!--Year-->
		<control type="label">
			<right>320</right>
			<width>110</width>
			<align>center</align>
			<label>$INFO[ListItem.Year]</label>
			<textcolor>$INFO[Skin.String(ViewDetailsListItemTextFocusColor)]</textcolor>
			<visible>![Skin.HasSetting(BigListViewShowInfo) + Control.IsVisible(51)] + !Control.IsVisible(515)</visible>
            <visible>![Window.IsActive(tvchannels) | Window.IsActive(tvguide) | Window.IsActive(tvtimers) | Window.IsActive(tvsearch) | Window.IsActive(tvrecordings) | Window.IsActive(addonbrowser)]</visible>
			<font>Light28</font>
		</control>
		
		<include>WatchedIndicatorSmall</include>
		
		<control type="image">
			<bottom>0</bottom>
			<posy>0</posy>
			<height>1</height>
			<texture>diffuse/panel.png</texture>
			<colordiffuse>grey</colordiffuse>
			
		</control>
	</include>
	
    <include name="View_516_SlimList">
	
		<control type="group">
			<include>animation_view_change</include>
			<defaultcontrol always="true">516</defaultcontrol>
			<visible>Control.IsVisible(516)</visible>
            <visible>!Window.IsActive(DialogVideoInfo.xml)</visible>
			<!-- Background Panel-->
			<control type="image">
				<right>52</right>
                <bottom>13%</bottom>
				<width>1180</width>
                <height>736</height>
				<texture border="15">diffuse/bgpanel.png</texture>
				<colordiffuse>$VAR[ViewDetailsPanelColor]</colordiffuse>
				<visible>!Skin.HasSetting(View516_HidePanel) + Skin.HasSetting(SlimListViewShowInfo)</visible>
                <visible>Integer.IsGreater(Container.NumItems,0)</visible>
                <animation effect="slide" end="-637" time="0" condition="Skin.HasSetting(View516_ShowInfoRight) + Skin.HasSetting(SlimListViewShowInfo)">Conditional</animation>
			</control>
            <control type="image">
				<left>560</left>
                <bottom>13%</bottom>
				<width>1302</width>
                <height>736</height>
				<texture border="15">diffuse/bgpanel.png</texture>
				<colordiffuse>$VAR[ViewDetailsPanelColor]</colordiffuse>
				<visible>!Skin.HasSetting(View516_HidePanel) + !Skin.HasSetting(SlimListViewShowInfo)</visible>
                <visible>Integer.IsGreater(Container.NumItems,0)</visible>
                <animation effect="slide" end="-627" time="0" condition="Skin.HasSetting(View516_ShowInfoRight) + Skin.HasSetting(SlimListViewShowInfo)">Conditional</animation>
			</control>
		
			<control type="panel" id="516">
                <animation effect="slide" end="-627" time="0" condition="Skin.HasSetting(View516_ShowInfoRight) + Skin.HasSetting(SlimListViewShowInfo)">Conditional</animation>
				<bottom>13%</bottom>
                <height>726</height>	
				<left>570</left>
				<width>1290</width>
				<onup>516</onup>
				<ondown>516</ondown>
				<onleft>9000</onleft>
				<onright condition="Skin.HasSetting(EnableQuickJump)">6000</onright>
                <onright condition="!Skin.HasSetting(EnableQuickJump)">60</onright>
				<viewtype label="31450">list</viewtype>
				<orientation>vertical</orientation>
				<pagecontrol>60</pagecontrol>
				<scrolltime tween="cubic" easing="out">600</scrolltime>
				<preloaditems>2</preloaditems>
				<visible>String.IsEqual(Window(Home).Property(SkinHelper.ForcedView),516) | String.IsEmpty(Window(Home).Property(SkinHelper.ForcedView))</visible>
				<itemlayout width="1280" height="60" condition="Skin.HasSetting(SlimListViewShowInfo)">
                    <control type="group">
                        <right>0</right>
                        <width>1160</width>
                        <include>SlimListLayout</include>
                    </control>
				</itemlayout>
				<focusedlayout width="1280" height="60" condition="Skin.HasSetting(SlimListViewShowInfo)">
					<control type="group">
                        <right>0</right>
                        <width>1160</width>
                        <include>SlimListLayoutFocus</include>
                        <include>AutoTrailerButton</include>
                    </control>
				</focusedlayout>
                         <itemlayout width="1280" height="60" condition="!Skin.HasSetting(SlimListViewShowInfo)">		
					<include>SlimListLayout</include>
				</itemlayout>
				<focusedlayout width="1280" height="60" condition="!Skin.HasSetting(SlimListViewShowInfo)">
					<include>SlimListLayoutFocus</include>
				</focusedlayout>

			</control>
			
		
			<!--large poster-->
			<control type="group">
				<visible>!Skin.HasSetting(SlimListViewShowInfo)</visible>
                <visible>Integer.IsGreater(Container.NumItems,0)</visible>
                <left>50</left>
                <bottom>13%</bottom>
                <height>736</height>
                <width>500</width>
                <control type="image">
                    <include>PosterThumbBG</include>
                    <visible>!Skin.HasSetting(View_HidePosterPanel)</visible>
                </control>
                <control type="image">
					<!--cdart image music-->
                    <width>500</width>
                    <height>500</height>
                    <bottom>0</bottom>
                    <bordersize>8</bordersize>
					<texture background="true" diffuse="diffuse/cdmask_new.png">$VAR[DiscArtImage]</texture>
					<aspectratio scalediffuse="false" align="center" aligny="center">scale</aspectratio>
					<animation effect="slide" start="0,0" end="0,-230" tween="cubic" easing="inout" time="1200" delay="600" condition="Skin.HasSetting(View51_ShowCDart)">Conditional</animation>
					<animation effect="fade" start="0" end="100" delay="600" time="800" pulse="false" condition="Skin.HasSetting(View51_ShowCDart)">Conditional</animation>
					<animation effect="rotate" end="-360" center="auto" time="20000" loop="true" reversible="false" condition="Skin.HasSetting(AnimateDiscArt)">Conditional</animation>
                    <visible>Skin.HasSetting(View516_ShowCDart) + [Container.Content(albums) | Container.Content(songs)] + !String.IsEmpty(ListItem.Album) + !String.IsEmpty(ListItem.Thumb)</visible>
				</control>
                <control type="image">
					<aspectratio align="center" aligny="center" scalediffuse="true">keep</aspectratio>
					<texture background="true" diffuse="diffuse/poster.png" fallback="DefaultVideo.png">$VAR[PosterThumb]</texture>
					<bordersize>8</bordersize>
                    <visible>![Skin.HasSetting(View516_ShowCDart) + [Container.Content(albums) | Container.Content(songs)] + !String.IsEmpty(ListItem.Album) + !String.IsEmpty(ListItem.Thumb)]</visible>
				</control>
                <control type="image">
					<aspectratio align="center" aligny="bottom" scalediffuse="true">keep</aspectratio>
					<texture background="true" diffuse="diffuse/poster.png" fallback="DefaultAddonMusic.png">$VAR[PosterThumb]</texture>
					<bordersize>8</bordersize>
                    <visible>Skin.HasSetting(View516_ShowCDart) + [Container.Content(albums) | Container.Content(songs)] + !String.IsEmpty(ListItem.Album) + !String.IsEmpty(ListItem.Thumb)</visible>
				</control>
			</control>

			
			<!--vertical Scollbar-->
			<control type="scrollbar" id="60">
				<visible>Control.IsVisible(516) + Integer.IsGreater(Container.Numitems,0)</visible>
				<right>15</right>
				<bottom>13%</bottom>
				<height>736</height>
				<onup>60</onup>
				<ondown>6000</ondown>
				<onleft>516</onleft>
				<animation effect="fade" start="0" end="100" time="400" condition="[Control.HasFocus(60) | Skin.HasSetting(EnableTouchSupport) | Container.Scrolling | Skin.HasSetting(alwaysShowScrollbars)] + !Control.IsVisible(6002)">Conditional</animation>
				<animation effect="fade" start="100" end="0" time="400" condition="![Control.HasFocus(60) | Skin.HasSetting(EnableTouchSupport) | Container.Scrolling | Skin.HasSetting(alwaysShowScrollbars)] | Control.IsVisible(6002)">Conditional</animation>
			</control>
                 <include>MovieDetailsLeft</include>

		</control>
		
 	</include>

</includes>