<?xml version="1.0" encoding="utf-8"?>
<window type="buttonMenu">
	<defaultcontrol>9001</defaultcontrol>
	<allowoverlay>no</allowoverlay>
	<coordinates>
		<system>1</system>
		<posx>0</posx>
		<posy>0</posy>
	</coordinates>
	<controls>
	
		<!-- touchscreen support -->
		<!-- hidden button to exit dialog in touchscreen mode -->
		<control type="button">
			<posx>0</posx>
			<posy>0</posy>
			<width>100%</width>
			<height>100%</height>
			<align>center</align>
			<aligny>center</aligny>
			<font>Light28</font>
			<label></label>
			<textcolor>-</textcolor>
			<focusedcolor>-</focusedcolor>
			<disabledcolor>-</disabledcolor>
			<texturefocus>colors/color_transparent.png</texturefocus>
			<texturenofocus>-</texturenofocus>
			<onclick>back</onclick>
			<visible>Skin.HasSetting(EnableTouchSupport)</visible>
		</control>
		
		<control type="button" id="9001">
			<description>Make sure we hit the first button in the group list and not the close window button</description>
			<posx>-16</posx>
			<posy>-16</posy>
			<width>4</width>
			<height>4</height>
			<label></label>
			<font>-</font>
			<onfocus>down</onfocus>
			<texturefocus>-</texturefocus>
			<texturenofocus>-</texturenofocus>
			<onleft>9000</onleft>
			<onright>9000</onright>
			<onup>9000</onup>
			<ondown>2</ondown>
		</control>
		
		<!--Sub Menu-->
        <control type="group">
            <include condition="skin.hastheme(classic) | Skin.HasSetting(smallContextMenu)">SideBladeClassic</include>
			<include condition="![skin.hastheme(classic) | Skin.HasSetting(smallContextMenu)]">SideBladeModern</include>
            <!--Grouplist 9000-->
            <control type="grouplist" id="9000">
                <posx>21</posx>
                <posy>190</posy>
                <width>458</width>
                <height>750</height>
                <itemgap>3</itemgap>
                <onleft>50</onleft>
                <onright>50</onright>
				<onright>back</onright>
				<onleft>back</onleft>
                <onup>9000</onup>
                <ondown>9000</ondown>
                <orientation>vertical</orientation>
                <!--Buttons-->
                <control type="label" id="200">
                    <!--Label Menu-->
                    <width>458</width>
                    <align>left</align>
                    <textoffsetx>50</textoffsetx>
                    <font>Bold40</font>
                    <textcolor>$INFO[Skin.String(GeneralHighlightTextColor)]</textcolor>
                    <label>$LOCALIZE[33061]:</label>
					<visible>skin.hastheme(classic)</visible>
                </control>
				
                <control type="image" id="201">
                    <!--Seperator-->
                    <width>458</width>
                    <height>10</height>
                    <align>left</align>
                    <texture>common/menu-separator.png</texture>
					<visible>skin.hastheme(classic)</visible>
                </control>
				<control type="button" id="2">
					<description>Resume button</description>
					<include>SideBladeMenuButton</include>
					<label>$ADDON[script.videoextras 32104]</label>
				</control>
				<control type="button" id="40">
					<description>Start from beginning button</description>
					<include>SideBladeMenuButton</include>
					<label>$ADDON[script.videoextras 32105]</label>
				</control>
				<control type="button" id="41">
					<description>Mark as watched</description>
					<include>SideBladeMenuButton</include>
					<label>$ADDON[script.videoextras 32106]</label>
				</control>
				<control type="button" id="42">
					<description>Mark as unwatched</description>
					<include>SideBladeMenuButton</include>
					<label>$ADDON[script.videoextras 32107]</label>
				</control>
				<control type="button" id="43">
					<description>Edit title</description>
					<include>SideBladeMenuButton</include>
					<label>$ADDON[script.videoextras 32108]</label>
				</control>
				<control type="button" id="44">
					<description>Edit plot</description>
					<include>SideBladeMenuButton</include>
					<label>$ADDON[script.videoextras 32114]</label>
				</control>
				
            </control>
        </control>
    
		
	</controls>
</window>
