<?xml version='1.0' encoding='UTF-8'?>
<shortcuts>
	<shortcut>
		<defaultID>342</defaultID>
		<label>$LOCALIZE[342]</label>
		<label2>$LOCALIZE[342]</label2>
		<icon>resource://resource.images.skinicons.wide/movietitle.png</icon>
		<thumb>$INFO[Window(Home).Property(SkinHelper.AllMoviesBackground)]</thumb>
		<action>RunScript(script.globalsearch,movies=true)</action>
	</shortcut>
	<shortcut>
		<defaultID>20343</defaultID>
		<label>$LOCALIZE[20343]</label>
		<label2>$LOCALIZE[20343]</label2>
		<icon>resource://resource.images.skinicons.wide/tvshowtitle.png</icon>
		<thumb>$INFO[Window(Home).Property(SkinHelper.AllTvShowsBackground)]</thumb>
		<action>RunScript(script.globalsearch,movies=true)</action>
	</shortcut>
	<shortcut>
		<defaultID>20360</defaultID>
		<label>$LOCALIZE[20360]</label>
		<label2>$LOCALIZE[20360]</label2>
		<icon>resource://resource.images.skinicons.wide/addonsubtitles.png</icon>
		<thumb>$INFO[Window(Home).Property(SkinHelper.AllTvShowsBackground)]</thumb>
		<action>RunScript(script.globalsearch,episodes=true)</action>
	</shortcut>
	<shortcut>
		<defaultID>20389</defaultID>
		<label>$LOCALIZE[20389]</label>
		<label2>$LOCALIZE[20389]</label2>
		<icon>resource://resource.images.skinicons.wide/musicvideotitle.png</icon>
		<thumb>$INFO[Window(Home).Property(SkinHelper.RecentEpisodesBackground)]</thumb>
		<action>RunScript(script.globalsearch,musicvideos=true)</action>
	</shortcut>

	<shortcut>
		<defaultID>344</defaultID>
		<label>$LOCALIZE[344]</label>
		<label2>$LOCALIZE[344]</label2>
		<icon>resource://resource.images.skinicons.wide/actor.png</icon>
		<thumb>$INFO[Window(Home).Property(SkinHelper.InProgressMoviesBackground)]</thumb>
		<action>RunScript(script.globalsearch,actors=true)</action>
	</shortcut>
	<shortcut>
		<defaultID>20348</defaultID>
		<label>$LOCALIZE[20348]</label>
		<label2>$LOCALIZE[20348]</label2>
		<icon>resource://resource.images.skinicons.wide/director.png</icon>
		<thumb>$INFO[Window(Home).Property(SkinHelper.RecentMoviesBackground)]</thumb>
		<action>RunScript(script.globalsearch,directors=true)</action>
	</shortcut>
	<shortcut>
		<defaultID>19019</defaultID>
		<label>$LOCALIZE[19019]</label>
		<label2>$LOCALIZE[19019]</label2>
		<icon>resource://resource.images.skinicons.wide/addonpvrclient.png</icon>
		<thumb>$INFO[Window(Home).Property(SkinHelper.PvrBackground)]</thumb>
		<action>RunScript(script.globalsearch,livetv=true)</action>
	</shortcut>
</shortcuts>
