<?xml version="1.0" encoding="UTF-8"?>
<includes>
	<include name="HomeSubMenuPictures">
		<control type="image" id="90147">
			<width>52</width>
			<height>52</height>
			<texture border="0,0,0,3" flipx="true">HomeSubEnd.png</texture>
		</control>
		<control type="button" id="90148">
			<include>ButtonHomeSubCommonValues</include>
			<label>24001</label>
			<onclick>ActivateWindow(Pictures,Addons,return)</onclick>
		</control>
		<control type="image" id="90149">
			<width>52</width>
			<height>52</height>
			<texture border="0,0,0,3">HomeSubEnd.png</texture>
		</control>
	</include>
	<include name="HomeSubMenuRadio">
		<control type="image" id="90141">
			<width>52</width>
			<height>52</height>
			<texture border="0,0,0,3" flipx="true">HomeSubEnd.png</texture>
		</control>
		<control type="button" id="90243">
			<include>ButtonHomeSubCommonValues</include>
			<label>19019</label>
			<onclick>ActivateWindow(RadioChannels)</onclick>
		</control>
		<control type="button" id="90244">
			<include>ButtonHomeSubCommonValues</include>
			<label>22020</label>
			<onclick>ActivateWindow(RadioGuide)</onclick>
		</control>
		<control type="button" id="90245">
			<include>ButtonHomeSubCommonValues</include>
			<label>19163</label>
			<onclick>ActivateWindow(RadioRecordings)</onclick>
		</control>
		<control type="button" id="90246">
			<include>ButtonHomeSubCommonValues</include>
			<label>19138</label>
			<onclick>ActivateWindow(RadioTimerRules)</onclick>
		</control>
		<control type="button" id="90247">
			<include>ButtonHomeSubCommonValues</include>
			<label>19040</label>
			<onclick>ActivateWindow(RadioTimers)</onclick>
		</control>
		<control type="button" id="90248">
			<include>ButtonHomeSubCommonValues</include>
			<label>137</label>
			<onclick>ActivateWindow(RadioSearch)</onclick>
		</control>
		<control type="image" id="90249">
			<width>52</width>
			<height>52</height>
			<texture border="0,0,0,3">HomeSubEnd.png</texture>
		</control>
	</include>
	<include name="HomeSubMenuTV">
		<control type="image" id="90141">
			<width>52</width>
			<height>52</height>
			<texture border="0,0,0,3" flipx="true">HomeSubEnd.png</texture>
		</control>
		<control type="button" id="90143">
			<include>ButtonHomeSubCommonValues</include>
			<label>19019</label>
			<onclick>ActivateWindow(TVChannels)</onclick>
		</control>
		<control type="button" id="90144">
			<include>ButtonHomeSubCommonValues</include>
			<label>22020</label>
			<onclick>ActivateWindow(TVGuide)</onclick>
		</control>
		<control type="button" id="90145">
			<include>ButtonHomeSubCommonValues</include>
			<label>19163</label>
			<onclick>ActivateWindow(TVRecordings)</onclick>
		</control>
		<control type="button" id="90146">
			<include>ButtonHomeSubCommonValues</include>
			<label>19138</label>
			<onclick>ActivateWindow(TVTimerRules)</onclick>
		</control>
		<control type="button" id="90147">
			<include>ButtonHomeSubCommonValues</include>
			<label>19040</label>
			<onclick>ActivateWindow(TVTimers)</onclick>
		</control>
		<control type="button" id="90148">
			<include>ButtonHomeSubCommonValues</include>
			<label>137</label>
			<onclick>ActivateWindow(TVSearch)</onclick>
		</control>
		<control type="image" id="90149">
			<width>52</width>
			<height>52</height>
			<texture border="0,0,0,3">HomeSubEnd.png</texture>
		</control>
	</include>
	<include name="HomeSubMenuFavourites">
		<control type="image" id="90191">
			<width>52</width>
			<height>52</height>
			<texture border="0,0,0,3" flipx="true">HomeSubEnd.png</texture>
			<visible>Integer.IsGreater(Container(90190).NumItems,0)</visible>
		</control>
		<control type="button" id="90192">
			<include>ButtonHomeSubCommonValues</include>
			<label>$INFO[Container(90190).ListItemNoWrap(0).Label]</label>
			<onclick>ActivateWindow(Programs,$INFO[Container(90190).ListItemNoWrap(0).Label,plugin://plugin.program.super.favourites/?folder=,],return)</onclick>
			<visible>!String.IsEmpty(Container(90190).ListItemNoWrap(0).Label)</visible>
		</control>
		<control type="button" id="90193">
			<include>ButtonHomeSubCommonValues</include>
			<label>$INFO[Container(90190).ListItemNoWrap(1).Label]</label>
			<onclick>ActivateWindow(Programs,$INFO[Container(90190).ListItemNoWrap(1).Label,plugin://plugin.program.super.favourites/?folder=,],return)</onclick>
			<visible>!String.IsEmpty(Container(90190).ListItemNoWrap(1).Label)</visible>
		</control>
		<control type="button" id="90194">
			<include>ButtonHomeSubCommonValues</include>
			<label>$INFO[Container(90190).ListItemNoWrap(2).Label]</label>
			<onclick>ActivateWindow(Programs,$INFO[Container(90190).ListItemNoWrap(2).Label,plugin://plugin.program.super.favourites/?folder=,],return)</onclick>
			<visible>!String.IsEmpty(Container(90190).ListItemNoWrap(2).Label)</visible>
		</control>
		<control type="button" id="90195">
			<include>ButtonHomeSubCommonValues</include>
			<label>$INFO[Container(90190).ListItemNoWrap(3).Label]</label>
			<onclick>ActivateWindow(Programs,$INFO[Container(90190).ListItemNoWrap(3).Label,plugin://plugin.program.super.favourites/?folder=,],return)</onclick>
			<visible>!String.IsEmpty(Container(90190).ListItemNoWrap(3).Label)</visible>
		</control>
		<control type="button" id="90196">
			<include>ButtonHomeSubCommonValues</include>
			<label>$INFO[Container(90190).ListItemNoWrap(4).Label]</label>
			<onclick>ActivateWindow(Programs,$INFO[Container(90190).ListItemNoWrap(4).Label,plugin://plugin.program.super.favourites/?folder=,],return)</onclick>
			<visible>!String.IsEmpty(Container(90190).ListItemNoWrap(4).Label)</visible>
		</control>
		<control type="button" id="90197">
			<include>ButtonHomeSubCommonValues</include>
			<label>$INFO[Container(90190).ListItemNoWrap(5).Label]</label>
			<onclick>ActivateWindow(Programs,$INFO[Container(90190).ListItemNoWrap(5).Label,plugin://plugin.program.super.favourites/?folder=,],return)</onclick>
			<visible>!String.IsEmpty(Container(90190).ListItemNoWrap(5).Label)</visible>
		</control>
		<control type="button" id="901908">
			<include>ButtonHomeSubCommonValues</include>
			<label>$INFO[Container(90190).ListItemNoWrap(6).Label]</label>
			<onclick>ActivateWindow(Programs,$INFO[Container(90190).ListItemNoWrap(6).FileNameAndPath],return)</onclick>
			<visible>!String.IsEmpty(Container(90190).ListItemNoWrap(6).Label)</visible>
		</control>
		<control type="button" id="901909">
			<include>ButtonHomeSubCommonValues</include>
			<label>$INFO[Container(90190).ListItemNoWrap(7).Label]</label>
			<onclick>ActivateWindow(Programs,$INFO[Container(90190).ListItemNoWrap(7).FileNameAndPath],return)</onclick>
			<visible>!String.IsEmpty(Container(90190).ListItemNoWrap(7).Label)</visible>
		</control>
		<control type="button" id="901910">
			<include>ButtonHomeSubCommonValues</include>
			<label>$INFO[Container(90190).ListItemNoWrap(8).Label]</label>
			<onclick>ActivateWindow(Programs,$INFO[Container(90190).ListItemNoWrap(8).FileNameAndPath],return)</onclick>
			<visible>!String.IsEmpty(Container(90190).ListItemNoWrap(8).Label)</visible>
		</control>
		<control type="button" id="901911">
			<include>ButtonHomeSubCommonValues</include>
			<label>$INFO[Container(90190).ListItemNoWrap(9).Label]</label>
			<onclick>ActivateWindow(Programs,$INFO[Container(90190).ListItemNoWrap(9).FileNameAndPath],return)</onclick>
			<visible>!String.IsEmpty(Container(90190).ListItemNoWrap(9).Label)</visible>
		</control>
		<control type="button" id="901912">
			<include>ButtonHomeSubCommonValues</include>
			<label>$INFO[Container(90190).ListItemNoWrap(10).Label]</label>
			<onclick>ActivateWindow(Programs,$INFO[Container(90190).ListItemNoWrap(10).FileNameAndPath],return)</onclick>
			<visible>!String.IsEmpty(Container(90190).ListItemNoWrap(10).Label)</visible>
		</control>
		<control type="button" id="901913">
			<include>ButtonHomeSubCommonValues</include>
			<label>$INFO[Container(90190).ListItemNoWrap(11).Label]</label>
			<onclick>ActivateWindow(Programs,$INFO[Container(90190).ListItemNoWrap(11).FileNameAndPath],return)</onclick>
			<visible>!String.IsEmpty(Container(90190).ListItemNoWrap(11).Label)</visible>
		</control>
		<control type="button" id="901914">
			<include>ButtonHomeSubCommonValues</include>
			<label>$INFO[Container(90190).ListItemNoWrap(12).Label]</label>
			<onclick>ActivateWindow(Programs,$INFO[Container(90190).ListItemNoWrap(12).FileNameAndPath],return)</onclick>
			<visible>!String.IsEmpty(Container(90190).ListItemNoWrap(12).Label)</visible>
		</control>
		<control type="button" id="901915">
			<include>ButtonHomeSubCommonValues</include>
			<label>$INFO[Container(90190).ListItemNoWrap(13).Label]</label>
			<onclick>ActivateWindow(Programs,$INFO[Container(90190).ListItemNoWrap(12).FileNameAndPath],return)</onclick>
			<visible>!String.IsEmpty(Container(90190).ListItemNoWrap(12).Label)</visible>
		</control>
		<control type="button" id="901916">
			<include>ButtonHomeSubCommonValues</include>
			<label>$INFO[Container(90190).ListItemNoWrap(14).Label]</label>
			<onclick>ActivateWindow(Programs,$INFO[Container(90190).ListItemNoWrap(14).FileNameAndPath],return)</onclick>
			<visible>!String.IsEmpty(Container(90190).ListItemNoWrap(14).Label)</visible>
		</control>
		<control type="image" id="901917">
			<width>52</width>
			<height>52</height>
			<texture border="0,0,0,3">HomeSubEnd.png</texture>
			<visible>Integer.IsGreater(Container(90190).NumItems,0)</visible>
		</control>
	</include>
	<include name="HomeSubMenuGames">
		<control type="image" id="90201">
			<width>52</width>
			<height>52</height>
			<texture border="0,0,0,3" flipx="true">HomeSubEnd.png</texture>
		</control>
		<control type="button" id="90202">
			<include>ButtonHomeSubCommonValues</include>
			<label>$INFO[Container(90200).ListItemNoWrap(0).Label]</label>
			<onclick>PlayMedia($INFO[Container(90200).ListItemNoWrap(0).FileNameAndPath])</onclick>
		</control>
		<control type="button" id="90203">
			<include>ButtonHomeSubCommonValues</include>
			<label>$INFO[Container(90200).ListItemNoWrap(1).Label]</label>
			<onclick>PlayMedia($INFO[Container(90200).ListItemNoWrap(1).FileNameAndPath])</onclick>
			<visible>!String.IsEmpty(Container(90200).ListItemNoWrap(1).Label)</visible>
		</control>
		<control type="button" id="90204">
			<include>ButtonHomeSubCommonValues</include>
			<label>$INFO[Container(90200).ListItemNoWrap(2).Label]</label>
			<onclick>PlayMedia($INFO[Container(90200).ListItemNoWrap(2).FileNameAndPath])</onclick>
			<visible>!String.IsEmpty(Container(90200).ListItemNoWrap(2).Label)</visible>
		</control>
		<control type="button" id="90205">
			<include>ButtonHomeSubCommonValues</include>
			<label>$INFO[Container(90200).ListItemNoWrap(3).Label]</label>
			<onclick>PlayMedia($INFO[Container(90200).ListItemNoWrap(3).FileNameAndPath])</onclick>
			<visible>!String.IsEmpty(Container(90200).ListItemNoWrap(3).Label)</visible>
		</control>
		<control type="button" id="90206">
			<include>ButtonHomeSubCommonValues</include>
			<label>$INFO[Container(90200).ListItemNoWrap(4).Label]</label>
			<onclick>PlayMedia($INFO[Container(90200).ListItemNoWrap(4).FileNameAndPath])</onclick>
			<visible>!String.IsEmpty(Container(90200).ListItemNoWrap(4).Label)</visible>
		</control>
		<control type="button" id="90207">
			<include>ButtonHomeSubCommonValues</include>
			<label>$INFO[Container(90200).ListItemNoWrap(5).Label]</label>
			<onclick>PlayMedia($INFO[Container(90200).ListItemNoWrap(5).FileNameAndPath])</onclick>
			<visible>!String.IsEmpty(Container(90200).ListItemNoWrap(5).Label)</visible>
		</control>
		<control type="button" id="902008">
			<include>ButtonHomeSubCommonValues</include>
			<label>$INFO[Container(90200).ListItemNoWrap(6).Label]</label>
			<onclick>PlayMedia($INFO[Container(90200).ListItemNoWrap(6).FileNameAndPath])</onclick>
			<visible>!String.IsEmpty(Container(90200).ListItemNoWrap(6).Label)</visible>
		</control>
		<control type="button" id="902009">
			<include>ButtonHomeSubCommonValues</include>
			<label>$INFO[Container(90200).ListItemNoWrap(7).Label]</label>
			<onclick>PlayMedia($INFO[Container(90200).ListItemNoWrap(7).FileNameAndPath])</onclick>
			<visible>!String.IsEmpty(Container(90200).ListItemNoWrap(7).Label)</visible>
		</control>
		<control type="button" id="902010">
			<include>ButtonHomeSubCommonValues</include>
			<label>$INFO[Container(90200).ListItemNoWrap(8).Label]</label>
			<onclick>PlayMedia($INFO[Container(90200).ListItemNoWrap(8).FileNameAndPath])</onclick>
			<visible>!String.IsEmpty(Container(90200).ListItemNoWrap(8).Label)</visible>
		</control>
		<control type="button" id="902011">
			<include>ButtonHomeSubCommonValues</include>
			<label>$INFO[Container(90200).ListItemNoWrap(9).Label]</label>
			<onclick>PlayMedia($INFO[Container(90200).ListItemNoWrap(9).FileNameAndPath])</onclick>
			<visible>!String.IsEmpty(Container(90200).ListItemNoWrap(9).Label)</visible>
		</control>
		<control type="button" id="902012">
			<include>ButtonHomeSubCommonValues</include>
			<label>$INFO[Container(90200).ListItemNoWrap(10).Label]</label>
			<onclick>PlayMedia($INFO[Container(90200).ListItemNoWrap(10).FileNameAndPath])</onclick>
			<visible>!String.IsEmpty(Container(90200).ListItemNoWrap(10).Label)</visible>
		</control>
		<control type="button" id="902013">
			<include>ButtonHomeSubCommonValues</include>
			<label>$INFO[Container(90200).ListItemNoWrap(11).Label]</label>
			<onclick>PlayMedia($INFO[Container(90200).ListItemNoWrap(11).FileNameAndPath])</onclick>
			<visible>!String.IsEmpty(Container(90200).ListItemNoWrap(11).Label)</visible>
		</control>
		<control type="button" id="902014">
			<include>ButtonHomeSubCommonValues</include>
			<label>$INFO[Container(90200).ListItemNoWrap(12).Label]</label>
			<onclick>PlayMedia($INFO[Container(90200).ListItemNoWrap(12).FileNameAndPath])</onclick>
			<visible>!String.IsEmpty(Container(90200).ListItemNoWrap(12).Label)</visible>
		</control>
		<control type="button" id="902015">
			<include>ButtonHomeSubCommonValues</include>
			<label>$INFO[Container(90200).ListItemNoWrap(13).Label]</label>
			<onclick>PlayMedia($INFO[Container(90200).ListItemNoWrap(13).FileNameAndPath])</onclick>
			<visible>!String.IsEmpty(Container(90200).ListItemNoWrap(13).Label)</visible>
		</control>
		<control type="button" id="902016">
			<include>ButtonHomeSubCommonValues</include>
			<label>$INFO[Container(90200).ListItemNoWrap(14).Label]</label>
			<onclick>PlayMedia($INFO[Container(90200).ListItemNoWrap(14).FileNameAndPath])</onclick>
			<visible>!String.IsEmpty(Container(90200).ListItemNoWrap(14).Label)</visible>
		</control>
		<control type="image" id="902017">
			<width>52</width>
			<height>52</height>
			<texture border="0,0,0,3">HomeSubEnd.png</texture>
		</control>
	</include>
	<include name="HomeSubMenuVideos">
		<control type="image" id="90101">
			<width>52</width>
			<height>52</height>
			<texture border="0,0,0,3" flipx="true">HomeSubEnd.png</texture>
		</control>
		<control type="button" id="90102">
			<include>ButtonHomeSubCommonValues</include>
			<label>342</label>
			<onclick>ActivateWindow(Videos,MovieTitles,return)</onclick>
			<visible>Library.HasContent(Movies) + Skin.HasSetting(HomeMenuNoMovieButton)</visible>
		</control>
		<control type="button" id="90103">
			<include>ButtonHomeSubCommonValues</include>
			<label>20343</label>
			<onclick>ActivateWindow(Videos,TvShowTitles,return)</onclick>
			<visible>Library.HasContent(TVShows) + Skin.HasSetting(HomeMenuNoTVShowButton)</visible>
		</control>
		<control type="button" id="90104">
			<include>ButtonHomeSubCommonValues</include>
			<label>20389</label>
			<onclick>ActivateWindow(Videos,MusicVideoTitles,return)</onclick>
			<visible>Library.HasContent(MusicVideos) + Skin.HasSetting(HomeMenuNoMusicVideosButton)</visible>
		</control>
		<control type="button" id="90105">
			<include>ButtonHomeSubCommonValues</include>
			<label>744</label>
			<onclick>ActivateWindow(Videos,Files,return)</onclick>
		</control>
		<control type="button" id="90106">
			<include>ButtonHomeSubCommonValues</include>
			<label>14022</label>
			<onclick>ActivateWindow(Videos,Root)</onclick>
			<visible>Library.HasContent(Video)</visible>
		</control>
		<control type="button" id="90107">
			<include>ButtonHomeSubCommonValues</include>
			<label>24001</label>
			<onclick>ActivateWindow(Videos,Addons,return)</onclick>
		</control>
		<control type="image" id="90108">
			<width>52</width>
			<height>52</height>
			<texture border="0,0,0,3">HomeSubEnd.png</texture>
		</control>
	</include>
	<include name="HomeSubMenuMovies">
		<control type="image" id="901601">
			<width>52</width>
			<height>52</height>
			<texture border="0,0,0,3" flipx="true">HomeSubEnd.png</texture>
		</control>
		<control type="button" id="901602">
			<include>ButtonHomeSubCommonValues</include>
			<label>$INFO[Container(90160).ListItemNoWrap(0).Label]</label>
			<onclick>ActivateWindow(Videos,$INFO[Container(90160).ListItemNoWrap(0).FileNameAndPath],return)</onclick>
		</control>
		<control type="button" id="901603">
			<include>ButtonHomeSubCommonValues</include>
			<label>$INFO[Container(90160).ListItemNoWrap(1).Label]</label>
			<onclick>ActivateWindow(Videos,$INFO[Container(90160).ListItemNoWrap(1).FileNameAndPath],return)</onclick>
			<visible>!String.IsEmpty(Container(90160).ListItemNoWrap(1).Label)</visible>
		</control>
		<control type="button" id="901604">
			<include>ButtonHomeSubCommonValues</include>
			<label>$INFO[Container(90160).ListItemNoWrap(2).Label]</label>
			<onclick>ActivateWindow(Videos,$INFO[Container(90160).ListItemNoWrap(2).FileNameAndPath],return)</onclick>
			<visible>!String.IsEmpty(Container(90160).ListItemNoWrap(2).Label)</visible>
		</control>
		<control type="button" id="901605">
			<include>ButtonHomeSubCommonValues</include>
			<label>$INFO[Container(90160).ListItemNoWrap(3).Label]</label>
			<onclick>ActivateWindow(Videos,$INFO[Container(90160).ListItemNoWrap(3).FileNameAndPath],return)</onclick>
			<visible>!String.IsEmpty(Container(90160).ListItemNoWrap(3).Label)</visible>
		</control>
		<control type="button" id="901606">
			<include>ButtonHomeSubCommonValues</include>
			<label>$INFO[Container(90160).ListItemNoWrap(4).Label]</label>
			<onclick>ActivateWindow(Videos,$INFO[Container(90160).ListItemNoWrap(4).FileNameAndPath],return)</onclick>
			<visible>!String.IsEmpty(Container(90160).ListItemNoWrap(4).Label)</visible>
		</control>
		<control type="button" id="901607">
			<include>ButtonHomeSubCommonValues</include>
			<label>$INFO[Container(90160).ListItemNoWrap(5).Label]</label>
			<onclick>ActivateWindow(Videos,$INFO[Container(90160).ListItemNoWrap(5).FileNameAndPath],return)</onclick>
			<visible>!String.IsEmpty(Container(90160).ListItemNoWrap(5).Label)</visible>
		</control>
		<control type="button" id="901608">
			<include>ButtonHomeSubCommonValues</include>
			<label>$INFO[Container(90160).ListItemNoWrap(6).Label]</label>
			<onclick>ActivateWindow(Videos,$INFO[Container(90160).ListItemNoWrap(6).FileNameAndPath],return)</onclick>
			<visible>!String.IsEmpty(Container(90160).ListItemNoWrap(6).Label)</visible>
		</control>
		<control type="button" id="901609">
			<include>ButtonHomeSubCommonValues</include>
			<label>$INFO[Container(90160).ListItemNoWrap(7).Label]</label>
			<onclick>ActivateWindow(Videos,$INFO[Container(90160).ListItemNoWrap(7).FileNameAndPath],return)</onclick>
			<visible>!String.IsEmpty(Container(90160).ListItemNoWrap(7).Label)</visible>
		</control>
		<control type="button" id="901610">
			<include>ButtonHomeSubCommonValues</include>
			<label>$INFO[Container(90160).ListItemNoWrap(8).Label]</label>
			<onclick>ActivateWindow(Videos,$INFO[Container(90160).ListItemNoWrap(8).FileNameAndPath],return)</onclick>
			<visible>!String.IsEmpty(Container(90160).ListItemNoWrap(8).Label)</visible>
		</control>
		<control type="button" id="901611">
			<include>ButtonHomeSubCommonValues</include>
			<label>$INFO[Container(90160).ListItemNoWrap(9).Label]</label>
			<onclick>ActivateWindow(Videos,$INFO[Container(90160).ListItemNoWrap(9).FileNameAndPath],return)</onclick>
			<visible>!String.IsEmpty(Container(90160).ListItemNoWrap(9).Label)</visible>
		</control>
		<control type="button" id="901612">
			<include>ButtonHomeSubCommonValues</include>
			<label>$INFO[Container(90160).ListItemNoWrap(10).Label]</label>
			<onclick>ActivateWindow(Videos,$INFO[Container(90160).ListItemNoWrap(10).FileNameAndPath],return)</onclick>
			<visible>!String.IsEmpty(Container(90160).ListItemNoWrap(10).Label)</visible>
		</control>
		<control type="button" id="901613">
			<include>ButtonHomeSubCommonValues</include>
			<label>$INFO[Container(90160).ListItemNoWrap(11).Label]</label>
			<onclick>ActivateWindow(Videos,$INFO[Container(90160).ListItemNoWrap(11).FileNameAndPath],return)</onclick>
			<visible>!String.IsEmpty(Container(90160).ListItemNoWrap(11).Label)</visible>
		</control>
		<control type="button" id="901614">
			<include>ButtonHomeSubCommonValues</include>
			<label>$INFO[Container(90160).ListItemNoWrap(12).Label]</label>
			<onclick>ActivateWindow(Videos,$INFO[Container(90160).ListItemNoWrap(12).FileNameAndPath],return)</onclick>
			<visible>!String.IsEmpty(Container(90160).ListItemNoWrap(12).Label)</visible>
		</control>
		<control type="button" id="901615">
			<include>ButtonHomeSubCommonValues</include>
			<label>$INFO[Container(90160).ListItemNoWrap(13).Label]</label>
			<onclick>ActivateWindow(Videos,$INFO[Container(90160).ListItemNoWrap(12).FileNameAndPath],return)</onclick>
			<visible>!String.IsEmpty(Container(90160).ListItemNoWrap(12).Label)</visible>
		</control>
		<control type="button" id="901616">
			<include>ButtonHomeSubCommonValues</include>
			<label>$INFO[Container(90160).ListItemNoWrap(14).Label]</label>
			<onclick>ActivateWindow(Videos,$INFO[Container(90160).ListItemNoWrap(14).FileNameAndPath],return)</onclick>
			<visible>!String.IsEmpty(Container(90160).ListItemNoWrap(14).Label)</visible>
		</control>
		<control type="image" id="901617">
			<width>52</width>
			<height>52</height>
			<texture border="0,0,0,3">HomeSubEnd.png</texture>
		</control>
	</include>
	<include name="HomeSubMenuTVShows">
		<control type="image" id="901701">
			<width>52</width>
			<height>52</height>
			<texture border="0,0,0,3" flipx="true">HomeSubEnd.png</texture>
		</control>
		<control type="button" id="901702">
			<include>ButtonHomeSubCommonValues</include>
			<label>$INFO[Container(90170).ListItemNoWrap(0).Label]</label>
			<onclick>ActivateWindow(Videos,$INFO[Container(90170).ListItemNoWrap(0).FileNameAndPath],return)</onclick>
		</control>
		<control type="button" id="901703">
			<include>ButtonHomeSubCommonValues</include>
			<label>$INFO[Container(90170).ListItemNoWrap(1).Label]</label>
			<onclick>ActivateWindow(Videos,$INFO[Container(90170).ListItemNoWrap(1).FileNameAndPath],return)</onclick>
			<visible>!String.IsEmpty(Container(90170).ListItemNoWrap(1).Label)</visible>
		</control>
		<control type="button" id="901704">
			<include>ButtonHomeSubCommonValues</include>
			<label>$INFO[Container(90170).ListItemNoWrap(2).Label]</label>
			<onclick>ActivateWindow(Videos,$INFO[Container(90170).ListItemNoWrap(2).FileNameAndPath],return)</onclick>
			<visible>!String.IsEmpty(Container(90170).ListItemNoWrap(2).Label)</visible>
		</control>
		<control type="button" id="901705">
			<include>ButtonHomeSubCommonValues</include>
			<label>$INFO[Container(90170).ListItemNoWrap(3).Label]</label>
			<onclick>ActivateWindow(Videos,$INFO[Container(90170).ListItemNoWrap(3).FileNameAndPath],return)</onclick>
			<visible>!String.IsEmpty(Container(90170).ListItemNoWrap(3).Label)</visible>
		</control>
		<control type="button" id="901706">
			<include>ButtonHomeSubCommonValues</include>
			<label>$INFO[Container(90170).ListItemNoWrap(4).Label]</label>
			<onclick>ActivateWindow(Videos,$INFO[Container(90170).ListItemNoWrap(4).FileNameAndPath],return)</onclick>
			<visible>!String.IsEmpty(Container(90170).ListItemNoWrap(4).Label)</visible>
		</control>
		<control type="button" id="901707">
			<include>ButtonHomeSubCommonValues</include>
			<label>$INFO[Container(90170).ListItemNoWrap(5).Label]</label>
			<onclick>ActivateWindow(Videos,$INFO[Container(90170).ListItemNoWrap(5).FileNameAndPath],return)</onclick>
			<visible>!String.IsEmpty(Container(90170).ListItemNoWrap(5).Label)</visible>
		</control>
		<control type="button" id="901708">
			<include>ButtonHomeSubCommonValues</include>
			<label>$INFO[Container(90170).ListItemNoWrap(6).Label]</label>
			<onclick>ActivateWindow(Videos,$INFO[Container(90170).ListItemNoWrap(6).FileNameAndPath],return)</onclick>
			<visible>!String.IsEmpty(Container(90170).ListItemNoWrap(6).Label)</visible>
		</control>
		<control type="button" id="901709">
			<include>ButtonHomeSubCommonValues</include>
			<label>$INFO[Container(90170).ListItemNoWrap(7).Label]</label>
			<onclick>ActivateWindow(Videos,$INFO[Container(90170).ListItemNoWrap(7).FileNameAndPath],return)</onclick>
			<visible>!String.IsEmpty(Container(90170).ListItemNoWrap(7).Label)</visible>
		</control>
		<control type="button" id="901710">
			<include>ButtonHomeSubCommonValues</include>
			<label>$INFO[Container(90170).ListItemNoWrap(8).Label]</label>
			<onclick>ActivateWindow(Videos,$INFO[Container(90170).ListItemNoWrap(8).FileNameAndPath],return)</onclick>
			<visible>!String.IsEmpty(Container(90170).ListItemNoWrap(8).Label)</visible>
		</control>
		<control type="button" id="901711">
			<include>ButtonHomeSubCommonValues</include>
			<label>$INFO[Container(90170).ListItemNoWrap(9).Label]</label>
			<onclick>ActivateWindow(Videos,$INFO[Container(90170).ListItemNoWrap(9).FileNameAndPath],return)</onclick>
			<visible>!String.IsEmpty(Container(90170).ListItemNoWrap(9).Label)</visible>
		</control>
		<control type="button" id="901712">
			<include>ButtonHomeSubCommonValues</include>
			<label>$INFO[Container(90170).ListItemNoWrap(10).Label]</label>
			<onclick>ActivateWindow(Videos,$INFO[Container(90170).ListItemNoWrap(10).FileNameAndPath],return)</onclick>
			<visible>!String.IsEmpty(Container(90170).ListItemNoWrap(10).Label)</visible>
		</control>
		<control type="button" id="901713">
			<include>ButtonHomeSubCommonValues</include>
			<label>$INFO[Container(90170).ListItemNoWrap(11).Label]</label>
			<onclick>ActivateWindow(Videos,$INFO[Container(90170).ListItemNoWrap(11).FileNameAndPath],return)</onclick>
			<visible>!String.IsEmpty(Container(90170).ListItemNoWrap(11).Label)</visible>
		</control>
		<control type="button" id="901714">
			<include>ButtonHomeSubCommonValues</include>
			<label>$INFO[Container(90170).ListItemNoWrap(12).Label]</label>
			<onclick>ActivateWindow(Videos,$INFO[Container(90170).ListItemNoWrap(12).FileNameAndPath],return)</onclick>
			<visible>!String.IsEmpty(Container(90170).ListItemNoWrap(12).Label)</visible>
		</control>
		<control type="button" id="901715">
			<include>ButtonHomeSubCommonValues</include>
			<label>$INFO[Container(90170).ListItemNoWrap(13).Label]</label>
			<onclick>ActivateWindow(Videos,$INFO[Container(90170).ListItemNoWrap(12).FileNameAndPath],return)</onclick>
			<visible>!String.IsEmpty(Container(90170).ListItemNoWrap(12).Label)</visible>
		</control>
		<control type="button" id="901716">
			<include>ButtonHomeSubCommonValues</include>
			<label>$INFO[Container(90170).ListItemNoWrap(14).Label]</label>
			<onclick>ActivateWindow(Videos,$INFO[Container(90170).ListItemNoWrap(14).FileNameAndPath],return)</onclick>
			<visible>!String.IsEmpty(Container(90170).ListItemNoWrap(14).Label)</visible>
		</control>
		<control type="image" id="901717">
			<width>52</width>
			<height>52</height>
			<texture border="0,0,0,3">HomeSubEnd.png</texture>
		</control>
	</include>
	<include name="HomeSubMenuMusicVideos">
		<control type="image" id="90181">
			<width>52</width>
			<height>52</height>
			<texture border="0,0,0,3" flipx="true">HomeSubEnd.png</texture>
		</control>
		<control type="button" id="90182">
			<include>ButtonHomeSubCommonValues</include>
			<label>$INFO[Container(90180).ListItemNoWrap(0).Label]</label>
			<onclick>ActivateWindow(Videos,$INFO[Container(90180).ListItemNoWrap(0).FileNameAndPath],return)</onclick>
		</control>
		<control type="button" id="90183">
			<include>ButtonHomeSubCommonValues</include>
			<label>$INFO[Container(90180).ListItemNoWrap(1).Label]</label>
			<onclick>ActivateWindow(Videos,$INFO[Container(90180).ListItemNoWrap(1).FileNameAndPath],return)</onclick>
			<visible>!String.IsEmpty(Container(90180).ListItemNoWrap(1).Label)</visible>
		</control>
		<control type="button" id="90184">
			<include>ButtonHomeSubCommonValues</include>
			<label>$INFO[Container(90180).ListItemNoWrap(2).Label]</label>
			<onclick>ActivateWindow(Videos,$INFO[Container(90180).ListItemNoWrap(2).FileNameAndPath],return)</onclick>
			<visible>!String.IsEmpty(Container(90180).ListItemNoWrap(2).Label)</visible>
		</control>
		<control type="button" id="90185">
			<include>ButtonHomeSubCommonValues</include>
			<label>$INFO[Container(90180).ListItemNoWrap(3).Label]</label>
			<onclick>ActivateWindow(Videos,$INFO[Container(90180).ListItemNoWrap(3).FileNameAndPath],return)</onclick>
			<visible>!String.IsEmpty(Container(90180).ListItemNoWrap(3).Label)</visible>
		</control>
		<control type="button" id="90186">
			<include>ButtonHomeSubCommonValues</include>
			<label>$INFO[Container(90180).ListItemNoWrap(4).Label]</label>
			<onclick>ActivateWindow(Videos,$INFO[Container(90180).ListItemNoWrap(4).FileNameAndPath],return)</onclick>
			<visible>!String.IsEmpty(Container(90180).ListItemNoWrap(4).Label)</visible>
		</control>
		<control type="button" id="90187">
			<include>ButtonHomeSubCommonValues</include>
			<label>$INFO[Container(90180).ListItemNoWrap(5).Label]</label>
			<onclick>ActivateWindow(Videos,$INFO[Container(90180).ListItemNoWrap(5).FileNameAndPath],return)</onclick>
			<visible>!String.IsEmpty(Container(90180).ListItemNoWrap(5).Label)</visible>
		</control>
		<control type="button" id="901808">
			<include>ButtonHomeSubCommonValues</include>
			<label>$INFO[Container(90180).ListItemNoWrap(6).Label]</label>
			<onclick>ActivateWindow(Videos,$INFO[Container(90180).ListItemNoWrap(6).FileNameAndPath],return)</onclick>
			<visible>!String.IsEmpty(Container(90180).ListItemNoWrap(6).Label)</visible>
		</control>
		<control type="button" id="901809">
			<include>ButtonHomeSubCommonValues</include>
			<label>$INFO[Container(90180).ListItemNoWrap(7).Label]</label>
			<onclick>ActivateWindow(Videos,$INFO[Container(90180).ListItemNoWrap(7).FileNameAndPath],return)</onclick>
			<visible>!String.IsEmpty(Container(90180).ListItemNoWrap(7).Label)</visible>
		</control>
		<control type="button" id="901810">
			<include>ButtonHomeSubCommonValues</include>
			<label>$INFO[Container(90180).ListItemNoWrap(8).Label]</label>
			<onclick>ActivateWindow(Videos,$INFO[Container(90180).ListItemNoWrap(8).FileNameAndPath],return)</onclick>
			<visible>!String.IsEmpty(Container(90180).ListItemNoWrap(8).Label)</visible>
		</control>
		<control type="button" id="901811">
			<include>ButtonHomeSubCommonValues</include>
			<label>$INFO[Container(90180).ListItemNoWrap(9).Label]</label>
			<onclick>ActivateWindow(Videos,$INFO[Container(90180).ListItemNoWrap(9).FileNameAndPath],return)</onclick>
			<visible>!String.IsEmpty(Container(90180).ListItemNoWrap(9).Label)</visible>
		</control>
		<control type="button" id="901812">
			<include>ButtonHomeSubCommonValues</include>
			<label>$INFO[Container(90180).ListItemNoWrap(10).Label]</label>
			<onclick>ActivateWindow(Videos,$INFO[Container(90180).ListItemNoWrap(10).FileNameAndPath],return)</onclick>
			<visible>!String.IsEmpty(Container(90180).ListItemNoWrap(10).Label)</visible>
		</control>
		<control type="button" id="901813">
			<include>ButtonHomeSubCommonValues</include>
			<label>$INFO[Container(90180).ListItemNoWrap(11).Label]</label>
			<onclick>ActivateWindow(Videos,$INFO[Container(90180).ListItemNoWrap(11).FileNameAndPath],return)</onclick>
			<visible>!String.IsEmpty(Container(90180).ListItemNoWrap(11).Label)</visible>
		</control>
		<control type="button" id="901814">
			<include>ButtonHomeSubCommonValues</include>
			<label>$INFO[Container(90180).ListItemNoWrap(12).Label]</label>
			<onclick>ActivateWindow(Videos,$INFO[Container(90180).ListItemNoWrap(12).FileNameAndPath],return)</onclick>
			<visible>!String.IsEmpty(Container(90180).ListItemNoWrap(12).Label)</visible>
		</control>
		<control type="button" id="901815">
			<include>ButtonHomeSubCommonValues</include>
			<label>$INFO[Container(90180).ListItemNoWrap(13).Label]</label>
			<onclick>ActivateWindow(Videos,$INFO[Container(90180).ListItemNoWrap(12).FileNameAndPath],return)</onclick>
			<visible>!String.IsEmpty(Container(90180).ListItemNoWrap(12).Label)</visible>
		</control>
		<control type="button" id="901816">
			<include>ButtonHomeSubCommonValues</include>
			<label>$INFO[Container(90180).ListItemNoWrap(14).Label]</label>
			<onclick>ActivateWindow(Videos,$INFO[Container(90180).ListItemNoWrap(14).FileNameAndPath],return)</onclick>
			<visible>!String.IsEmpty(Container(90180).ListItemNoWrap(14).Label)</visible>
		</control>
		<control type="image" id="901817">
			<width>52</width>
			<height>52</height>
			<texture border="0,0,0,3">HomeSubEnd.png</texture>
		</control>
	</include>
	<include name="HomeSubMenuMusic">
		<control type="image" id="90111">
			<width>52</width>
			<height>52</height>
			<texture border="0,0,0,3" flipx="true">HomeSubEnd.png</texture>
		</control>
		<control type="button" id="901108">
			<include>ButtonHomeSubCommonValues</include>
			<label>$INFO[Container(90110).ListItemNoWrap(6).Label]</label>
			<onclick>ActivateWindow(Music,$INFO[Container(90110).ListItemNoWrap(6).FileNameAndPath],return)</onclick>
			<visible>!String.IsEmpty(Container(90110).ListItemNoWrap(6).Label)</visible>
		</control>
		<control type="button" id="901109">
			<include>ButtonHomeSubCommonValues</include>
			<label>$INFO[Container(90110).ListItemNoWrap(7).Label]</label>
			<onclick>ActivateWindow(Music,$INFO[Container(90110).ListItemNoWrap(7).FileNameAndPath],return)</onclick>
			<visible>!String.IsEmpty(Container(90110).ListItemNoWrap(7).Label)</visible>
		</control>
		<control type="button" id="90112">
			<include>ButtonHomeSubCommonValues</include>
			<label>$INFO[Container(90110).ListItemNoWrap(0).Label]</label>
			<onclick>ActivateWindow(Music,$INFO[Container(90110).ListItemNoWrap(0).FileNameAndPath],return)</onclick><visible>!String.IsEmpty(Container(90110).ListItemNoWrap(0).Label) + [!String.IsEqual(Container(90110).ListItemNoWrap(0).Label,$LOCALIZE[20389]) | Skin.HasSetting(HomeMenuNoMusicVideosButton)]</visible>
		</control>
		<control type="button" id="90113">
			<include>ButtonHomeSubCommonValues</include>
			<label>$INFO[Container(90110).ListItemNoWrap(1).Label]</label>
			<onclick>ActivateWindow(Music,$INFO[Container(90110).ListItemNoWrap(1).FileNameAndPath],return)</onclick>
			<visible>!String.IsEmpty(Container(90110).ListItemNoWrap(1).Label)</visible>
		</control>
		<control type="button" id="90114">
			<include>ButtonHomeSubCommonValues</include>
			<label>$INFO[Container(90110).ListItemNoWrap(2).Label]</label>
			<onclick>ActivateWindow(Music,$INFO[Container(90110).ListItemNoWrap(2).FileNameAndPath],return)</onclick>
			<visible>!String.IsEmpty(Container(90110).ListItemNoWrap(2).Label)</visible>
		</control>
		<control type="button" id="90115">
			<include>ButtonHomeSubCommonValues</include>
			<label>$INFO[Container(90110).ListItemNoWrap(3).Label]</label>
			<onclick>ActivateWindow(Music,$INFO[Container(90110).ListItemNoWrap(3).FileNameAndPath],return)</onclick>
			<visible>!String.IsEmpty(Container(90110).ListItemNoWrap(3).Label)</visible>
		</control>
		<control type="button" id="90116">
			<include>ButtonHomeSubCommonValues</include>
			<label>$INFO[Container(90110).ListItemNoWrap(4).Label]</label>
			<onclick>ActivateWindow(Music,$INFO[Container(90110).ListItemNoWrap(4).FileNameAndPath],return)</onclick>
			<visible>!String.IsEmpty(Container(90110).ListItemNoWrap(4).Label)</visible>
		</control>
		<control type="button" id="90117">
			<include>ButtonHomeSubCommonValues</include>
			<label>$INFO[Container(90110).ListItemNoWrap(5).Label]</label>
			<onclick>ActivateWindow(Music,$INFO[Container(90110).ListItemNoWrap(5).FileNameAndPath],return)</onclick>
			<visible>!String.IsEmpty(Container(90110).ListItemNoWrap(5).Label)</visible>
		</control>
		<control type="button" id="901110">
			<include>ButtonHomeSubCommonValues</include>
			<label>$INFO[Container(90110).ListItemNoWrap(8).Label]</label>
			<onclick>ActivateWindow(Music,$INFO[Container(90110).ListItemNoWrap(8).FileNameAndPath],return)</onclick>
			<visible>!String.IsEmpty(Container(90110).ListItemNoWrap(8).Label)</visible>
		</control>
		<control type="button" id="901111">
			<include>ButtonHomeSubCommonValues</include>
			<label>$INFO[Container(90110).ListItemNoWrap(9).Label]</label>
			<onclick>ActivateWindow(Music,$INFO[Container(90110).ListItemNoWrap(9).FileNameAndPath],return)</onclick>
			<visible>!String.IsEmpty(Container(90110).ListItemNoWrap(9).Label)</visible>
		</control>
		<control type="button" id="901112">
			<include>ButtonHomeSubCommonValues</include>
			<label>$INFO[Container(90110).ListItemNoWrap(10).Label]</label>
			<onclick>ActivateWindow(Music,$INFO[Container(90110).ListItemNoWrap(10).FileNameAndPath],return)</onclick>
			<visible>!String.IsEmpty(Container(90110).ListItemNoWrap(10).Label)</visible>
		</control>
		<control type="button" id="901113">
			<include>ButtonHomeSubCommonValues</include>
			<label>$INFO[Container(90110).ListItemNoWrap(11).Label]</label>
			<onclick>ActivateWindow(Music,$INFO[Container(90110).ListItemNoWrap(11).FileNameAndPath],return)</onclick>
			<visible>!String.IsEmpty(Container(90110).ListItemNoWrap(11).Label)</visible>
		</control>
		<control type="button" id="901114">
			<include>ButtonHomeSubCommonValues</include>
			<label>$INFO[Container(90110).ListItemNoWrap(12).Label]</label>
			<onclick>ActivateWindow(Music,$INFO[Container(90110).ListItemNoWrap(12).FileNameAndPath],return)</onclick>
			<visible>!String.IsEmpty(Container(90110).ListItemNoWrap(12).Label)</visible>
		</control>
		<control type="button" id="901115">
			<include>ButtonHomeSubCommonValues</include>
			<label>$INFO[Container(90110).ListItemNoWrap(13).Label]</label>
			<onclick>ActivateWindow(Music,$INFO[Container(90110).ListItemNoWrap(12).FileNameAndPath],return)</onclick>
			<visible>!String.IsEmpty(Container(90110).ListItemNoWrap(12).Label)</visible>
		</control>
		<control type="button" id="901116">
			<include>ButtonHomeSubCommonValues</include>
			<label>$INFO[Container(90110).ListItemNoWrap(14).Label]</label>
			<onclick>ActivateWindow(Music,$INFO[Container(90110).ListItemNoWrap(14).FileNameAndPath],return)</onclick>
			<visible>!String.IsEmpty(Container(90110).ListItemNoWrap(14).Label)</visible>
		</control>
		<control type="image" id="901117">
			<width>52</width>
			<height>52</height>
			<texture border="0,0,0,3">HomeSubEnd.png</texture>
		</control>
	</include>
	<include name="HomeSubMenuPrograms">
		<control type="image" id="90211">
			<width>52</width>
			<height>52</height>
			<texture border="0,0,0,3" flipx="true">HomeSubEnd.png</texture>
		</control>
		<control type="button" id="90212">
			<include>ButtonHomeSubCommonValues</include>
			<label>$INFO[Container(90210).ListItemNoWrap(0).Label]</label>
			<onclick>ActivateWindow(AddonBrowser,$INFO[Container(90210).ListItemNoWrap(0).FileNameAndPath],return)</onclick>
		</control>
		<control type="button" id="90213">
			<include>ButtonHomeSubCommonValues</include>
			<label>$INFO[Container(90210).ListItemNoWrap(1).Label]</label>
			<onclick>ActivateWindow(AddonBrowser,$INFO[Container(90210).ListItemNoWrap(1).FileNameAndPath],return)</onclick>
			<visible>!String.IsEmpty(Container(90210).ListItemNoWrap(1).Label)</visible>
		</control>
		<control type="button" id="90214">
			<include>ButtonHomeSubCommonValues</include>
			<label>$INFO[Container(90210).ListItemNoWrap(2).Label]</label>
			<onclick>ActivateWindow(AddonBrowser,$INFO[Container(90210).ListItemNoWrap(2).FileNameAndPath],return)</onclick>
			<visible>!String.IsEmpty(Container(90210).ListItemNoWrap(2).Label)</visible>
		</control>
		<control type="button" id="90215">
			<include>ButtonHomeSubCommonValues</include>
			<label>$INFO[Container(90210).ListItemNoWrap(3).Label]</label>
			<onclick>ActivateWindow(AddonBrowser,$INFO[Container(90210).ListItemNoWrap(3).FileNameAndPath],return)</onclick>
			<visible>!String.IsEmpty(Container(90210).ListItemNoWrap(3).Label)</visible>
		</control>
		<control type="button" id="90216">
			<include>ButtonHomeSubCommonValues</include>
			<label>$INFO[Container(90210).ListItemNoWrap(4).Label]</label>
			<onclick>ActivateWindow(AddonBrowser,$INFO[Container(90210).ListItemNoWrap(4).FileNameAndPath],return)</onclick>
			<visible>!String.IsEmpty(Container(90210).ListItemNoWrap(4).Label)</visible>
		</control>
		<control type="button" id="90217">
			<include>ButtonHomeSubCommonValues</include>
			<label>$INFO[Container(90210).ListItemNoWrap(5).Label]</label>
			<onclick>ActivateWindow(AddonBrowser,$INFO[Container(90210).ListItemNoWrap(5).FileNameAndPath],return)</onclick>
			<visible>!String.IsEmpty(Container(90210).ListItemNoWrap(5).Label)</visible>
		</control>
		<control type="button" id="902108">
			<include>ButtonHomeSubCommonValues</include>
			<label>$INFO[Container(90210).ListItemNoWrap(6).Label]</label>
			<onclick>ActivateWindow(AddonBrowser,$INFO[Container(90210).ListItemNoWrap(6).FileNameAndPath],return)</onclick>
			<visible>!String.IsEmpty(Container(90210).ListItemNoWrap(6).Label)</visible>
		</control>
		<control type="button" id="902109">
			<include>ButtonHomeSubCommonValues</include>
			<label>$INFO[Container(90210).ListItemNoWrap(7).Label]</label>
			<onclick>ActivateWindow(AddonBrowser,$INFO[Container(90210).ListItemNoWrap(7).FileNameAndPath],return)</onclick>
			<visible>!String.IsEmpty(Container(90210).ListItemNoWrap(7).Label)</visible>
		</control>
		<control type="button" id="902110">
			<include>ButtonHomeSubCommonValues</include>
			<label>$INFO[Container(90210).ListItemNoWrap(8).Label]</label>
			<onclick>ActivateWindow(AddonBrowser,$INFO[Container(90210).ListItemNoWrap(8).FileNameAndPath],return)</onclick>
			<visible>!String.IsEmpty(Container(90210).ListItemNoWrap(8).Label)</visible>
		</control>
		<control type="button" id="902111">
			<include>ButtonHomeSubCommonValues</include>
			<label>$INFO[Container(90210).ListItemNoWrap(9).Label]</label>
			<onclick>ActivateWindow(AddonBrowser,$INFO[Container(90210).ListItemNoWrap(9).FileNameAndPath],return)</onclick>
			<visible>!String.IsEmpty(Container(90210).ListItemNoWrap(9).Label)</visible>
		</control>
		<control type="button" id="902112">
			<include>ButtonHomeSubCommonValues</include>
			<label>$INFO[Container(90210).ListItemNoWrap(10).Label]</label>
			<onclick>ActivateWindow(AddonBrowser,$INFO[Container(90210).ListItemNoWrap(10).FileNameAndPath],return)</onclick>
			<visible>!String.IsEmpty(Container(90210).ListItemNoWrap(10).Label)</visible>
		</control>
		<control type="button" id="902113">
			<include>ButtonHomeSubCommonValues</include>
			<label>$INFO[Container(90210).ListItemNoWrap(11).Label]</label>
			<onclick>ActivateWindow(AddonBrowser,$INFO[Container(90210).ListItemNoWrap(11).FileNameAndPath],return)</onclick>
			<visible>!String.IsEmpty(Container(90210).ListItemNoWrap(11).Label)</visible>
		</control>
		<control type="button" id="902114">
			<include>ButtonHomeSubCommonValues</include>
			<label>$INFO[Container(90210).ListItemNoWrap(12).Label]</label>
			<onclick>ActivateWindow(AddonBrowser,$INFO[Container(90210).ListItemNoWrap(12).FileNameAndPath],return)</onclick>
			<visible>!String.IsEmpty(Container(90210).ListItemNoWrap(12).Label)</visible>
		</control>
		<control type="button" id="902115">
			<include>ButtonHomeSubCommonValues</include>
			<label>$INFO[Container(90210).ListItemNoWrap(13).Label]</label>
			<onclick>ActivateWindow(AddonBrowser,$INFO[Container(90210).ListItemNoWrap(12).FileNameAndPath],return)</onclick>
			<visible>!String.IsEmpty(Container(90210).ListItemNoWrap(12).Label)</visible>
		</control>
		<control type="button" id="902116">
			<include>ButtonHomeSubCommonValues</include>
			<label>$INFO[Container(90210).ListItemNoWrap(14).Label]</label>
			<onclick>ActivateWindow(AddonBrowser,$INFO[Container(90210).ListItemNoWrap(14).FileNameAndPath],return)</onclick>
			<visible>!String.IsEmpty(Container(90210).ListItemNoWrap(14).Label)</visible>
		</control>
		<control type="image" id="902117">
			<width>52</width>
			<height>52</height>
			<texture border="0,0,0,3">HomeSubEnd.png</texture>
		</control>
	</include>
	<include name="HomeSubMenuPlayDisc">
		<control type="image" id="90131">
			<width>52</width>
			<height>52</height>
			<texture border="0,0,0,3" flipx="true">HomeSubEnd.png</texture>
		</control>
		<control type="button" id="90132">
			<include>ButtonHomeSubCommonValues</include>
			<label>13391</label>
			<onclick>SetFocus(9000)</onclick>
			<onclick>EjectTray()</onclick>
		</control>
		<control type="image" id="90133">
			<width>52</width>
			<height>52</height>
			<texture border="0,0,0,3">HomeSubEnd.png</texture>
		</control>
	</include>
	<include name="HomeSubMenuSystem">
		<control type="image" id="901201">
			<width>52</width>
			<height>52</height>
			<texture border="0,0,0,3" flipx="true">HomeSubEnd.png</texture>
		</control>
		<control type="button" id="901202">
			<include>ButtonHomeSubCommonValues</include>
			<label>10035</label>
			<onclick>ActivateWindow(SkinSettings)</onclick>
		</control>
		<control type="button" id="901203">
			<include>ButtonHomeSubCommonValues</include>
			<label>LibreELEC</label>
			<onclick>RunAddon(service.libreelec.settings)</onclick>
			<visible>System.HasAddon(service.libreelec.settings)</visible>
		</control>
		<control type="button" id="901204">
			<include>ButtonHomeSubCommonValues</include>
			<label>OpenELEC</label>
			<onclick>RunAddon(service.openelec.settings)</onclick>
			<visible>System.HasAddon(service.openelec.settings)</visible>
		</control>
		<control type="button" id="901205">
			<include>ButtonHomeSubCommonValues</include>
			<label>CoreELEC</label>
			<onclick>RunAddon(service.coreelec.settings)</onclick>
			<visible>System.HasAddon(service.coreelec.settings)</visible>
		</control>
		<control type="button" id="901206">
			<include>ButtonHomeSubCommonValues</include>
			<label>7</label>
			<onclick>ActivateWindow(FileManager)</onclick>
		</control>
		<control type="button" id="901207">
			<include>ButtonHomeSubCommonValues</include>
			<label>13200</label>
			<onclick>ActivateWindow(Profiles)</onclick>
		</control>
		<control type="button" id="901208">
			<include>ButtonHomeSubCommonValues</include>
			<label>130</label>
			<onclick>ActivateWindow(SystemInfo)</onclick>
		</control>
		<control type="button" id="901209">
			<include>ButtonHomeSubCommonValues</include>
			<label>14111</label>
			<onclick>ActivateWindow(EventLog,events://,return)</onclick>
			<visible>system.getbool(EventLog.Enabled)</visible>
		</control>
<!--		<control type="button" id="901210">
			<include>ButtonHomeSubCommonValues</include>
			<label>14200</label>
			<onclick>ActivateWindow(PlayerSettings)</onclick>
		</control>
		<control type="button" id="901211">
			<include>ButtonHomeSubCommonValues</include>
			<label>14211</label>
			<onclick>ActivateWindow(MediaSettings)</onclick>
		</control>
		<control type="button" id="901212">
			<include>ButtonHomeSubCommonValues</include>
			<label>14204</label>
			<onclick>ActivateWindow(PVRSettings)</onclick>
		</control>
		<control type="button" id="901213">
			<include>ButtonHomeSubCommonValues</include>
			<label>14036</label>
			<onclick>ActivateWindow(ServiceSettings)</onclick>
		</control>
		<control type="button" id="901214">
			<include>ButtonHomeSubCommonValues</include>
			<label>15016</label>
			<onclick>ActivateWindow(GameSettings)</onclick>
			<visible>System.GetBool(GamesGeneral.Enable)</visible>
		</control>
		<control type="button" id="901215">
			<include>ButtonHomeSubCommonValues</include>
			<label>13000</label>
			<onclick>ActivateWindow(SystemSettings)</onclick>
		</control>-->
		<control type="image" id="901216">
			<width>52</width>
			<height>52</height>
			<texture border="0,0,0,3">HomeSubEnd.png</texture>
		</control>
	</include>
	<include name="HomeAddonItemsVideos">
		<item>
			<label>$INFO[System.AddonTitle(Skin.String(HomeVideosButton1))]</label>
			<onclick>RunAddon($INFO[Skin.String(HomeVideosButton1)])</onclick>
			<icon>$INFO[System.AddonIcon(Skin.String(HomeVideosButton1))]</icon>
			<thumb></thumb>
			<visible>!String.IsEmpty(Skin.String(HomeVideosButton1))</visible>
		</item>
		<item>
			<label>$INFO[System.AddonTitle(Skin.String(HomeVideosButton2))]</label>
			<onclick>RunAddon($INFO[Skin.String(HomeVideosButton2)])</onclick>
			<icon>$INFO[System.AddonIcon(Skin.String(HomeVideosButton2))]</icon>
			<thumb></thumb>
			<visible>!String.IsEmpty(Skin.String(HomeVideosButton2))</visible>
		</item>
		<item>
			<label>$INFO[System.AddonTitle(Skin.String(HomeVideosButton3))]</label>
			<onclick>RunAddon($INFO[Skin.String(HomeVideosButton3)])</onclick>
			<icon>$INFO[System.AddonIcon(Skin.String(HomeVideosButton3))]</icon>
			<thumb></thumb>
			<visible>!String.IsEmpty(Skin.String(HomeVideosButton3))</visible>
		</item>
		<item>
			<label>$INFO[System.AddonTitle(Skin.String(HomeVideosButton4))]</label>
			<onclick>RunAddon($INFO[Skin.String(HomeVideosButton4)])</onclick>
			<icon>$INFO[System.AddonIcon(Skin.String(HomeVideosButton4))]</icon>
			<thumb></thumb>
			<visible>!String.IsEmpty(Skin.String(HomeVideosButton4))</visible>
		</item>
		<item>
			<label>$INFO[System.AddonTitle(Skin.String(HomeVideosButton5))]</label>
			<onclick>RunAddon($INFO[Skin.String(HomeVideosButton5)])</onclick>
			<icon>$INFO[System.AddonIcon(Skin.String(HomeVideosButton5))]</icon>
			<thumb></thumb>
			<visible>!String.IsEmpty(Skin.String(HomeVideosButton5))</visible>
		</item>
		<item>
			<label>$INFO[System.AddonTitle(Skin.String(HomeVideosButton6))]</label>
			<onclick>RunAddon($INFO[Skin.String(HomeVideosButton6)])</onclick>
			<icon>$INFO[System.AddonIcon(Skin.String(HomeVideosButton6))]</icon>
			<thumb></thumb>
			<visible>!String.IsEmpty(Skin.String(HomeVideosButton6))</visible>
		</item>
		<item>
			<label>$INFO[System.AddonTitle(Skin.String(HomeVideosButton7))]</label>
			<onclick>RunAddon($INFO[Skin.String(HomeVideosButton7)])</onclick>
			<icon>$INFO[System.AddonIcon(Skin.String(HomeVideosButton7))]</icon>
			<thumb></thumb>
			<visible>!String.IsEmpty(Skin.String(HomeVideosButton7))</visible>
		</item>
	</include>
	<include name="HomeAddonItemsMusic">
		<item>
			<label>$INFO[System.AddonTitle(Skin.String(HomeMusicButton1))]</label>
			<onclick>RunAddon($INFO[Skin.String(HomeMusicButton1)])</onclick>
			<icon>$INFO[System.AddonIcon(Skin.String(HomeMusicButton1))]</icon>
			<thumb></thumb>
			<visible>!String.IsEmpty(Skin.String(HomeMusicButton1))</visible>
		</item>
		<item>
			<label>$INFO[System.AddonTitle(Skin.String(HomeMusicButton2))]</label>
			<onclick>RunAddon($INFO[Skin.String(HomeMusicButton2)])</onclick>
			<icon>$INFO[System.AddonIcon(Skin.String(HomeMusicButton2))]</icon>
			<thumb></thumb>
			<visible>!String.IsEmpty(Skin.String(HomeMusicButton2))</visible>
		</item>
		<item>
			<label>$INFO[System.AddonTitle(Skin.String(HomeMusicButton3))]</label>
			<onclick>RunAddon($INFO[Skin.String(HomeMusicButton3)])</onclick>
			<icon>$INFO[System.AddonIcon(Skin.String(HomeMusicButton3))]</icon>
			<thumb></thumb>
			<visible>!String.IsEmpty(Skin.String(HomeMusicButton3))</visible>
		</item>
		<item>
			<label>$INFO[System.AddonTitle(Skin.String(HomeMusicButton4))]</label>
			<onclick>RunAddon($INFO[Skin.String(HomeMusicButton4)])</onclick>
			<icon>$INFO[System.AddonIcon(Skin.String(HomeMusicButton4))]</icon>
			<thumb></thumb>
			<visible>!String.IsEmpty(Skin.String(HomeMusicButton4))</visible>
		</item>
		<item>
			<label>$INFO[System.AddonTitle(Skin.String(HomeMusicButton5))]</label>
			<onclick>RunAddon($INFO[Skin.String(HomeMusicButton5)])</onclick>
			<icon>$INFO[System.AddonIcon(Skin.String(HomeMusicButton5))]</icon>
			<thumb></thumb>
			<visible>!String.IsEmpty(Skin.String(HomeMusicButton5))</visible>
		</item>
		<item>
			<label>$INFO[System.AddonTitle(Skin.String(HomeMusicButton6))]</label>
			<onclick>RunAddon($INFO[Skin.String(HomeMusicButton6)])</onclick>
			<icon>$INFO[System.AddonIcon(Skin.String(HomeMusicButton6))]</icon>
			<thumb></thumb>
			<visible>!String.IsEmpty(Skin.String(HomeMusicButton6))</visible>
		</item>
		<item>
			<label>$INFO[System.AddonTitle(Skin.String(HomeMusicButton7))]</label>
			<onclick>RunAddon($INFO[Skin.String(HomeMusicButton7)])</onclick>
			<icon>$INFO[System.AddonIcon(Skin.String(HomeMusicButton7))]</icon>
			<thumb></thumb>
			<visible>!String.IsEmpty(Skin.String(HomeMusicButton7))</visible>
		</item>
	</include>
	<include name="HomeAddonItemsPictures">
		<item>
			<label>$INFO[System.AddonTitle(Skin.String(HomePictureButton1))]</label>
			<onclick>RunAddon($INFO[Skin.String(HomePictureButton1)])</onclick>
			<icon>$INFO[System.AddonIcon(Skin.String(HomePictureButton1))]</icon>
			<thumb></thumb>
			<visible>!String.IsEmpty(Skin.String(HomePictureButton1))</visible>
		</item>
		<item>
			<label>$INFO[System.AddonTitle(Skin.String(HomePictureButton2))]</label>
			<onclick>RunAddon($INFO[Skin.String(HomePictureButton2)])</onclick>
			<icon>$INFO[System.AddonIcon(Skin.String(HomePictureButton2))]</icon>
			<thumb></thumb>
			<visible>!String.IsEmpty(Skin.String(HomePictureButton2))</visible>
		</item>
		<item>
			<label>$INFO[System.AddonTitle(Skin.String(HomePictureButton3))]</label>
			<onclick>RunAddon($INFO[Skin.String(HomePictureButton3)])</onclick>
			<icon>$INFO[System.AddonIcon(Skin.String(HomePictureButton3))]</icon>
			<thumb></thumb>
			<visible>!String.IsEmpty(Skin.String(HomePictureButton3))</visible>
		</item>
		<item>
			<label>$INFO[System.AddonTitle(Skin.String(HomePictureButton4))]</label>
			<onclick>RunAddon($INFO[Skin.String(HomePictureButton4)])</onclick>
			<icon>$INFO[System.AddonIcon(Skin.String(HomePictureButton4))]</icon>
			<thumb></thumb>
			<visible>!String.IsEmpty(Skin.String(HomePictureButton4))</visible>
		</item>
		<item>
			<label>$INFO[System.AddonTitle(Skin.String(HomePictureButton5))]</label>
			<onclick>RunAddon($INFO[Skin.String(HomePictureButton5)])</onclick>
			<icon>$INFO[System.AddonIcon(Skin.String(HomePictureButton5))]</icon>
			<thumb></thumb>
			<visible>!String.IsEmpty(Skin.String(HomePictureButton5))</visible>
		</item>
		<item>
			<label>$INFO[System.AddonTitle(Skin.String(HomePictureButton6))]</label>
			<onclick>RunAddon($INFO[Skin.String(HomePictureButton6)])</onclick>
			<icon>$INFO[System.AddonIcon(Skin.String(HomePictureButton6))]</icon>
			<thumb></thumb>
			<visible>!String.IsEmpty(Skin.String(HomePictureButton6))</visible>
		</item>
		<item>
			<label>$INFO[System.AddonTitle(Skin.String(HomePictureButton7))]</label>
			<onclick>RunAddon($INFO[Skin.String(HomePictureButton7)])</onclick>
			<icon>$INFO[System.AddonIcon(Skin.String(HomePictureButton7))]</icon>
			<thumb></thumb>
			<visible>!String.IsEmpty(Skin.String(HomePictureButton7))</visible>
		</item>
	</include>
	<include name="HomeAddonItemsPrograms">
		<item>
			<label>$INFO[System.AddonTitle(Skin.String(HomeProgramButton1))]</label>
			<onclick>RunAddon($INFO[Skin.String(HomeProgramButton1)])</onclick>
			<icon>$INFO[System.AddonIcon(Skin.String(HomeProgramButton1))]</icon>
			<thumb></thumb>
			<visible>!String.IsEmpty(Skin.String(HomeProgramButton1))</visible>
		</item>
		<item>
			<label>$INFO[System.AddonTitle(Skin.String(HomeProgramButton2))]</label>
			<onclick>RunAddon($INFO[Skin.String(HomeProgramButton2)])</onclick>
			<icon>$INFO[System.AddonIcon(Skin.String(HomeProgramButton2))]</icon>
			<thumb></thumb>
			<visible>!String.IsEmpty(Skin.String(HomeProgramButton2))</visible>
		</item>
		<item>
			<label>$INFO[System.AddonTitle(Skin.String(HomeProgramButton3))]</label>
			<onclick>RunAddon($INFO[Skin.String(HomeProgramButton3)])</onclick>
			<icon>$INFO[System.AddonIcon(Skin.String(HomeProgramButton3))]</icon>
			<thumb></thumb>
			<visible>!String.IsEmpty(Skin.String(HomeProgramButton3))</visible>
		</item>
		<item>
			<label>$INFO[System.AddonTitle(Skin.String(HomeProgramButton4))]</label>
			<onclick>RunAddon($INFO[Skin.String(HomeProgramButton4)])</onclick>
			<icon>$INFO[System.AddonIcon(Skin.String(HomeProgramButton4))]</icon>
			<thumb></thumb>
			<visible>!String.IsEmpty(Skin.String(HomeProgramButton4))</visible>
		</item>
		<item>
			<label>$INFO[System.AddonTitle(Skin.String(HomeProgramButton5))]</label>
			<onclick>RunAddon($INFO[Skin.String(HomeProgramButton5)])</onclick>
			<icon>$INFO[System.AddonIcon(Skin.String(HomeProgramButton5))]</icon>
			<thumb></thumb>
			<visible>!String.IsEmpty(Skin.String(HomeProgramButton5))</visible>
		</item>
		<item>
			<label>$INFO[System.AddonTitle(Skin.String(HomeProgramsButton6))]</label>
			<onclick>RunAddon($INFO[Skin.String(HomeProgramsButton6)])</onclick>
			<icon>$INFO[System.AddonIcon(Skin.String(HomeProgramsButton6))]</icon>
			<thumb></thumb>
			<visible>!String.IsEmpty(Skin.String(HomeProgramsButton6))</visible>
		</item>
		<item>
			<label>$INFO[System.AddonTitle(Skin.String(HomeProgramsButton7))]</label>
			<onclick>RunAddon($INFO[Skin.String(HomeProgramsButton7)])</onclick>
			<icon>$INFO[System.AddonIcon(Skin.String(HomeProgramsButton7))]</icon>
			<thumb></thumb>
			<visible>!String.IsEmpty(Skin.String(HomeProgramsButton7))</visible>
		</item>
	</include>
	<include name="HomeAddonItemsGames">
		<item>
			<label>$INFO[System.AddonTitle(Skin.String(HomeGameButton1))]</label>
			<onclick>RunAddon($INFO[Skin.String(HomeGameButton1)])</onclick>
			<icon>$INFO[System.AddonIcon(Skin.String(HomeGameButton1))]</icon>
			<thumb></thumb>
			<visible>!String.IsEmpty(Skin.String(HomeGameButton1))</visible>
		</item>
		<item>
			<label>$INFO[System.AddonTitle(Skin.String(HomeGameButton2))]</label>
			<onclick>RunAddon($INFO[Skin.String(HomeGameButton2)])</onclick>
			<icon>$INFO[System.AddonIcon(Skin.String(HomeGameButton2))]</icon>
			<thumb></thumb>
			<visible>!String.IsEmpty(Skin.String(HomeGameButton2))</visible>
		</item>
		<item>
			<label>$INFO[System.AddonTitle(Skin.String(HomeGameButton3))]</label>
			<onclick>RunAddon($INFO[Skin.String(HomeGameButton3)])</onclick>
			<icon>$INFO[System.AddonIcon(Skin.String(HomeGameButton3))]</icon>
			<thumb></thumb>
			<visible>!String.IsEmpty(Skin.String(HomeGameButton3))</visible>
		</item>
		<item>
			<label>$INFO[System.AddonTitle(Skin.String(HomeGameButton4))]</label>
			<onclick>RunAddon($INFO[Skin.String(HomeGameButton4)])</onclick>
			<icon>$INFO[System.AddonIcon(Skin.String(HomeGameButton4))]</icon>
			<thumb></thumb>
			<visible>!String.IsEmpty(Skin.String(HomeGameButton4))</visible>
		</item>
		<item>
			<label>$INFO[System.AddonTitle(Skin.String(HomeGameButton5))]</label>
			<onclick>RunAddon($INFO[Skin.String(HomeGameButton5)])</onclick>
			<icon>$INFO[System.AddonIcon(Skin.String(HomeGameButton5))]</icon>
			<thumb></thumb>
			<visible>!String.IsEmpty(Skin.String(HomeGameButton5))</visible>
		</item>
		<item>
			<label>$INFO[System.AddonTitle(Skin.String(HomeGameButton6))]</label>
			<onclick>RunAddon($INFO[Skin.String(HomeGameButton6)])</onclick>
			<icon>$INFO[System.AddonIcon(Skin.String(HomeGameButton6))]</icon>
			<thumb></thumb>
			<visible>!String.IsEmpty(Skin.String(HomeGameButton6))</visible>
		</item>
		<item>
			<label>$INFO[System.AddonTitle(Skin.String(HomeGameButton7))]</label>
			<onclick>RunAddon($INFO[Skin.String(HomeGameButton7)])</onclick>
			<icon>$INFO[System.AddonIcon(Skin.String(HomeGameButton7))]</icon>
			<thumb></thumb>
			<visible>!String.IsEmpty(Skin.String(HomeGameButton7))</visible>
		</item>
	</include>
</includes>
