<?xml version="1.0" encoding="UTF-8"?>
<includes>
	<include name="HomeRecentlyAddedInfo">
		<control type="group" id="9003">
			<animation effect="slide" end="0,323" time="320" tween="cubic" easing="inout" condition="!Skin.String(MainMenuPosition)">Conditional</animation>
			<depth>DepthMenu</depth>
			<onup>9002</onup>
			<ondown condition="System.HasAddon(script.globalsearch)">608</ondown>
			<ondown condition="!System.HasAddon(script.globalsearch)">603</ondown>
			<visible>!Window.IsVisible(Favourites)</visible>
			<include>VisibleFadeEffect</include>
			<animation effect="fade" time="225" delay="750">WindowOpen</animation>
			<animation effect="fade" time="150">WindowClose</animation>
			<control type="group">
				<left>0</left>
				<top>75</top>
				<visible>Library.HasContent(Movies)</visible>
				<visible>Container(9000).Hasfocus(10) + !Skin.HasSetting(HomepageHideRecentlyAddedVideo)</visible>
				<include>VisibleFadeEffect</include>
				<control type="label">
					<description>Title label</description>
					<left>320</left>
					<top>-55</top>
					<height>30</height>
					<width>1280</width>
					<label>$LOCALIZE[271]: $LOCALIZE[20342]</label>
					<align>center</align>
					<aligny>center</aligny>
					<font>font12_title</font>
					<textcolor>white</textcolor>
					<shadowcolor>black</shadowcolor>
				</control>
				<control type="list" id="8000">
					<animation effect="slide" start="0,0" end="135,0" time="0" condition="String.IsEqual(Container(8000).NumItems,6)">conditional</animation>
					<animation effect="slide" start="0,0" end="270,0" time="0" condition="String.IsEqual(Container(8000).NumItems,5)">conditional</animation>
					<animation effect="slide" start="0,0" end="405,0" time="0" condition="String.IsEqual(Container(8000).NumItems,4)">conditional</animation>
					<animation effect="slide" start="0,0" end="540,0" time="0" condition="String.IsEqual(Container(8000).NumItems,3)">conditional</animation>
					<animation effect="slide" start="0,0" end="675,0" time="0" condition="String.IsEqual(Container(8000).NumItems,2)">conditional</animation>
					<animation effect="slide" start="0,0" end="810,0" time="0" condition="String.IsEqual(Container(8000).NumItems,1)">conditional</animation>
					<left>15</left>
					<top>0</top>
					<width>1890</width>
					<height>330</height>
					<onleft>8000</onleft>
					<onright>8000</onright>
					<onup>9002</onup>
					<ondown condition="System.HasAddon(script.globalsearch)">608</ondown>
					<ondown condition="!System.HasAddon(script.globalsearch)">603</ondown>
					<viewtype label="535">list</viewtype>
					<pagecontrol />
					<scrolltime>200</scrolltime>
					<orientation>Horizontal</orientation>
					<itemlayout height="330" width="270">
						<control type="image">
							<description>background</description>
							<left>0</left>
							<top>0</top>
							<width>270</width>
							<height>330</height>
							<texture border="15">RecentAddedBack.png</texture>
						</control>
						<control type="image">
							<left>15</left>
							<top>15</top>
							<width>240</width>
							<height>255</height>
							<texture background="true">$INFO[ListItem.Icon]</texture>
							<aspectratio>keep</aspectratio>
							<bordertexture border="5">button-nofocus.png</bordertexture>
							<bordersize>5</bordersize>
						</control>
						<control type="label">
							<left>22</left>
							<top>278</top>
							<width>225</width>
							<height>30</height>
							<font>font12</font>
							<textcolor>white</textcolor>
							<shadowcolor>black</shadowcolor>
							<selectedcolor>selected</selectedcolor>
							<align>center</align>
							<aligny>center</aligny>
							<label>$INFO[ListItem.Label]</label>
						</control>
					</itemlayout>
					<focusedlayout height="330" width="270">
						<control type="image">
							<description>background</description>
							<left>0</left>
							<top>0</top>
							<width>270</width>
							<height>330</height>
							<texture border="15">RecentAddedBack.png</texture>
						</control>
						<control type="image">
							<left>15</left>
							<top>15</top>
							<width>240</width>
							<height>255</height>
							<texture background="true">$INFO[ListItem.Icon]</texture>
							<aspectratio>keep</aspectratio>
							<bordertexture border="5">folder-focus.png</bordertexture>
							<bordersize>5</bordersize>
							<visible>Control.HasFocus(8000) | Control.HasFocus(1) | Control.HasFocus(2)</visible>
						</control>
						<control type="image">
							<left>15</left>
							<top>15</top>
							<width>240</width>
							<height>255</height>
							<texture>$INFO[ListItem.Icon]</texture>
							<aspectratio>keep</aspectratio>
							<bordertexture border="5">button-nofocus.png</bordertexture>
							<bordersize>5</bordersize>
							<visible>!Control.HasFocus(8000)</visible>
						</control>
						<control type="label">
							<left>22</left>
							<top>278</top>
							<width>225</width>
							<height>30</height>
							<font>font12</font>
							<textcolor>white</textcolor>
							<shadowcolor>black</shadowcolor>
							<selectedcolor>selected</selectedcolor>
							<align>center</align>
							<aligny>center</aligny>
							<label>$INFO[ListItem.Label]</label>
							<visible>!Control.HasFocus(8000)</visible>
						</control>
						<control type="label">
							<left>22</left>
							<top>278</top>
							<width>225</width>
							<height>30</height>
							<font>font12</font>
							<textcolor>blue</textcolor>
							<selectedcolor>selected</selectedcolor>
							<align>center</align>
							<aligny>center</aligny>
							<label>$INFO[ListItem.Label]</label>
							<visible>Control.HasFocus(8000) | Control.HasFocus(1) | Control.HasFocus(2)</visible>
						</control>
					</focusedlayout>
					<content>special://skin/extras/moviestopratedandunwatched.xsp</content>
				</control>
				<control type="button" id="1">
					<description>left Arrow</description>
					<left>0</left>
					<top>135</top>
					<width>20</width>
					<height>60</height>
					<texturefocus>arrow-big-left.png</texturefocus>
					<texturenofocus>arrow-big-left.png</texturenofocus>
					<onclick>Control.Move(8000,-1)</onclick>
					<visible>[Control.HasFocus(8000) | Control.HasFocus(1) | Control.HasFocus(2)] + Integer.IsGreater(Container(8000).NumItems,7)</visible>
					<include>VisibleFadeEffect</include>
					<hitrect x="0" y="0" w="20" h="330"/>
				</control>
				<control type="button" id="2">
					<description>right Arrow</description>
					<left>1900</left>
					<top>135</top>
					<width>20</width>
					<height>60</height>
					<texturefocus>arrow-big-right.png</texturefocus>
					<texturenofocus>arrow-big-right.png</texturenofocus>
					<onclick>Control.Move(8000,1)</onclick>
					<visible>[Control.HasFocus(8000) | Control.HasFocus(1) | Control.HasFocus(2)] + Integer.IsGreater(Container(8000).NumItems,7)</visible>
					<include>VisibleFadeEffect</include>
					<hitrect x="1900" y="0" w="20" h="330"/>
				</control>
			</control>
			<control type="group">
				<left>0</left>
				<top>75</top>
				<visible>Container(9000).Hasfocus(4) + !Skin.HasSetting(HomepageHideRecentlyAddedVideo)</visible>
				<include>VisibleFadeEffect</include>
				<control type="label">
					<description>Title label</description>
					<left>320</left>
					<top>-55</top>
					<height>30</height>
					<width>1280</width>
					<label>33069</label>
					<align>center</align>
					<aligny>center</aligny>
					<font>font12_title</font>
					<textcolor>white</textcolor>
					<shadowcolor>black</shadowcolor>
					<visible>Integer.IsGreater(Container(8003).NumItems,0)</visible>
				</control>
				<control type="list" id="8003">
					<animation effect="slide" start="0,0" end="235,0" time="0" condition="String.IsEqual(Container(8003).NumItems,3)">conditional</animation>
					<animation effect="slide" start="0,0" end="470,0" time="0" condition="String.IsEqual(Container(8003).NumItems,2)">conditional</animation>
					<animation effect="slide" start="0,0" end="705,0" time="0" condition="String.IsEqual(Container(8003).NumItems,1)">conditional</animation>
					<left>20</left>
					<top>0</top>
					<width>1880</width>
					<height>330</height>
					<onleft>8003</onleft>
					<onright>8003</onright>
					<onup>9002</onup>
					<ondown condition="System.HasAddon(script.globalsearch)">608</ondown>
					<ondown condition="!System.HasAddon(script.globalsearch)">603</ondown>
					<viewtype label="535">list</viewtype>
					<pagecontrol />
					<scrolltime>200</scrolltime>
					<orientation>Horizontal</orientation>
					<itemlayout height="330" width="470">
						<control type="image">
							<description>background</description>
							<left>0</left>
							<top>0</top>
							<width>470</width>
							<height>330</height>
							<texture border="15">RecentAddedBack.png</texture>
						</control>
						<control type="image">
							<left>15</left>
							<top>15</top>
							<width>440</width>
							<height>255</height>
							<texture background="true">$INFO[ListItem.Icon]</texture>
							<aspectratio>keep</aspectratio>
							<bordertexture border="5">button-nofocus.png</bordertexture>
							<bordersize>5</bordersize>
						</control>
						<control type="label">
							<left>22</left>
							<top>278</top>
							<width>425</width>
							<height>30</height>
							<font>font12</font>
							<textcolor>white</textcolor>
							<shadowcolor>black</shadowcolor>
							<selectedcolor>selected</selectedcolor>
							<align>center</align>
							<aligny>center</aligny>
							<label>$INFO[ListItem.Label]</label>
						</control>
					</itemlayout>
					<focusedlayout height="330" width="470">
						<control type="image">
							<description>background</description>
							<left>0</left>
							<top>0</top>
							<width>470</width>
							<height>330</height>
							<texture border="15">RecentAddedBack.png</texture>
						</control>
						<control type="image">
							<left>15</left>
							<top>15</top>
							<width>440</width>
							<height>255</height>
							<texture background="true">$INFO[ListItem.Icon]</texture>
							<aspectratio>keep</aspectratio>
							<bordertexture border="5">folder-focus.png</bordertexture>
							<bordersize>5</bordersize>
							<visible>Control.HasFocus(8003) | Control.HasFocus(1) | Control.HasFocus(2)</visible>
						</control>
						<control type="image">
							<left>15</left>
							<top>15</top>
							<width>440</width>
							<height>255</height>
							<texture>$INFO[ListItem.Icon]</texture>
							<aspectratio>keep</aspectratio>
							<bordertexture border="5">button-nofocus.png</bordertexture>
							<bordersize>5</bordersize>
							<visible>!Control.HasFocus(8003)</visible>
						</control>
						<control type="label">
							<left>22</left>
							<top>278</top>
							<width>425</width>
							<height>30</height>
							<font>font12</font>
							<textcolor>white</textcolor>
							<shadowcolor>black</shadowcolor>
							<selectedcolor>selected</selectedcolor>
							<align>center</align>
							<aligny>center</aligny>
							<label>$INFO[ListItem.Label]</label>
							<visible>!Control.HasFocus(8003)</visible>
						</control>
						<control type="label">
							<left>22</left>
							<top>278</top>
							<width>425</width>
							<height>30</height>
							<font>font12</font>
							<textcolor>blue</textcolor>
							<selectedcolor>selected</selectedcolor>
							<align>center</align>
							<aligny>center</aligny>
							<label>$INFO[ListItem.Label]</label>
							<visible>Control.HasFocus(8003) | Control.HasFocus(1) | Control.HasFocus(2)</visible>
						</control>
					</focusedlayout>
					<content>special://home/addons/skin.confluence/backgrounds/</content>
				</control>
				<control type="button" id="1">
					<description>left Arrow</description>
					<left>0</left>
					<top>135</top>
					<width>20</width>
					<height>60</height>
					<texturefocus>arrow-big-left.png</texturefocus>
					<texturenofocus>arrow-big-left.png</texturenofocus>
					<onclick>Control.Move(8003,-1)</onclick>
					<visible>[Control.HasFocus(8003) + Integer.IsGreater(Container(8003).NumItems,0)] | [System.GetBool(Input.EnableMouse + Integer.IsGreater(Container(8003).NumItems,4)])</visible>
					<include>VisibleFadeEffect</include>
					<hitrect x="0" y="0" w="20" h="330"/>
				</control>
				<control type="button" id="2">
					<description>right Arrow</description>
					<left>1900</left>
					<top>135</top>
					<width>20</width>
					<height>60</height>
					<texturefocus>arrow-big-right.png</texturefocus>
					<texturenofocus>arrow-big-right.png</texturenofocus>
					<onclick>Control.Move(8003,1)</onclick>
					<visible>[Control.HasFocus(8003) + Integer.IsGreater(Container(8003).NumItems,0)] | [System.GetBool(Input.EnableMouse + Integer.IsGreater(Container(8003).NumItems,4)])</visible>
					<include>VisibleFadeEffect</include>
					<hitrect x="1900" y="0" w="20" h="330"/>
				</control>
			</control>
			<control type="group">
				<left>0</left>
				<top>75</top>
				<visible>Library.HasContent(TVShows)</visible>
				<visible>Container(9000).Hasfocus(11) + !Skin.HasSetting(HomepageHideRecentlyAddedVideo)</visible>
				<include>VisibleFadeEffect</include>
				<control type="label">
					<description>Title label</description>
					<left>320</left>
					<top>-55</top>
					<height>30</height>
					<width>1280</width>
					<label>$LOCALIZE[271]: $LOCALIZE[20343]</label>
					<align>center</align>
					<aligny>center</aligny>
					<font>font12_title</font>
					<textcolor>white</textcolor>
					<shadowcolor>black</shadowcolor>
				</control>
				<control type="list" id="8006">
					<animation effect="slide" start="0,0" end="135,0" time="0" condition="String.IsEqual(Container(8006).NumItems,6)">conditional</animation>
					<animation effect="slide" start="0,0" end="270,0" time="0" condition="String.IsEqual(Container(8006).NumItems,5)">conditional</animation>
					<animation effect="slide" start="0,0" end="405,0" time="0" condition="String.IsEqual(Container(8006).NumItems,4)">conditional</animation>
					<animation effect="slide" start="0,0" end="540,0" time="0" condition="String.IsEqual(Container(8006).NumItems,3)">conditional</animation>
					<animation effect="slide" start="0,0" end="675,0" time="0" condition="String.IsEqual(Container(8006).NumItems,2)">conditional</animation>
					<animation effect="slide" start="0,0" end="810,0" time="0" condition="String.IsEqual(Container(8006).NumItems,1)">conditional</animation>
					<left>15</left>
					<top>0</top>
					<width>1890</width>
					<height>330</height>
					<onleft>8006</onleft>
					<onright>8006</onright>
					<onup>9002</onup>
					<ondown condition="System.HasAddon(script.globalsearch)">608</ondown>
					<ondown condition="!System.HasAddon(script.globalsearch)">603</ondown>
					<viewtype label="535">list</viewtype>
					<pagecontrol />
					<scrolltime>200</scrolltime>
					<orientation>Horizontal</orientation>
					<onclick>ActivateWindow(videos,$INFO[ListItem.FolderPath],return)</onclick>
					<itemlayout height="330" width="270">
						<control type="image">
							<description>background</description>
							<left>0</left>
							<top>0</top>
							<width>270</width>
							<height>330</height>
							<texture border="15">RecentAddedBack.png</texture>
						</control>
						<control type="image">
							<left>15</left>
							<top>15</top>
							<width>240</width>
							<height>255</height>
							<texture background="true">$INFO[ListItem.Icon]</texture>
							<aspectratio>keep</aspectratio>
							<bordertexture border="5">button-nofocus.png</bordertexture>
							<bordersize>5</bordersize>
						</control>
						<control type="label">
							<left>22</left>
							<top>278</top>
							<width>225</width>
							<height>30</height>
							<font>font12</font>
							<textcolor>white</textcolor>
							<shadowcolor>black</shadowcolor>
							<selectedcolor>selected</selectedcolor>
							<align>center</align>
							<aligny>center</aligny>
							<label>$INFO[ListItem.Label]</label>
						</control>
					</itemlayout>
					<focusedlayout height="330" width="270">
						<control type="image">
							<description>background</description>
							<left>0</left>
							<top>0</top>
							<width>270</width>
							<height>330</height>
							<texture border="15">RecentAddedBack.png</texture>
						</control>
						<control type="image">
							<left>15</left>
							<top>15</top>
							<width>240</width>
							<height>255</height>
							<texture background="true">$INFO[ListItem.Icon]</texture>
							<aspectratio>keep</aspectratio>
							<bordertexture border="5">folder-focus.png</bordertexture>
							<bordersize>5</bordersize>
							<visible>Control.HasFocus(8006) | Control.HasFocus(1) | Control.HasFocus(2)</visible>
						</control>
						<control type="image">
							<left>15</left>
							<top>15</top>
							<width>240</width>
							<height>255</height>
							<texture>$INFO[ListItem.Icon]</texture>
							<aspectratio>keep</aspectratio>
							<bordertexture border="5">button-nofocus.png</bordertexture>
							<bordersize>5</bordersize>
							<visible>!Control.HasFocus(8006)</visible>
						</control>
						<control type="label">
							<left>22</left>
							<top>278</top>
							<width>225</width>
							<height>30</height>
							<font>font12</font>
							<textcolor>white</textcolor>
							<shadowcolor>black</shadowcolor>
							<selectedcolor>selected</selectedcolor>
							<align>center</align>
							<aligny>center</aligny>
							<label>$INFO[ListItem.Label]</label>
							<visible>!Control.HasFocus(8006)</visible>
						</control>
						<control type="label">
							<left>22</left>
							<top>278</top>
							<width>225</width>
							<height>30</height>
							<font>font12</font>
							<textcolor>blue</textcolor>
							<selectedcolor>selected</selectedcolor>
							<align>center</align>
							<aligny>center</aligny>
							<label>$INFO[ListItem.Label]</label>
							<visible>Control.HasFocus(8006) | Control.HasFocus(1) | Control.HasFocus(2)</visible>
						</control>
					</focusedlayout>
					<content>special://skin/extras/showstopratedandunwatched.xsp</content>
				</control>
				<control type="button" id="1">
					<description>left Arrow</description>
					<left>0</left>
					<top>135</top>
					<width>20</width>
					<height>60</height>
					<texturefocus>arrow-big-left.png</texturefocus>
					<texturenofocus>arrow-big-left.png</texturenofocus>
					<onclick>Control.Move(8006,-1)</onclick>
					<visible>[Control.HasFocus(8006) | Control.HasFocus(1) | Control.HasFocus(2)] + Integer.IsGreater(Container(8006).NumItems,7)</visible>
					<include>VisibleFadeEffect</include>
					<hitrect x="0" y="0" w="20" h="330"/>
				</control>
				<control type="button" id="2">
					<description>right Arrow</description>
					<left>1900</left>
					<top>135</top>
					<width>20</width>
					<height>60</height>
					<texturefocus>arrow-big-right.png</texturefocus>
					<texturenofocus>arrow-big-right.png</texturenofocus>
					<onclick>Control.Move(8006,1)</onclick>
					<visible>[Control.HasFocus(8006) | Control.HasFocus(1) | Control.HasFocus(2)] + Integer.IsGreater(Container(8006).NumItems,7)</visible>
					<include>VisibleFadeEffect</include>
					<hitrect x="1900" y="0" w="20" h="330"/>
				</control>
			</control>
			<control type="group">
				<left>0</left>
				<top>75</top>
				<visible>Library.HasContent(Music)</visible>
				<visible>Container(9000).Hasfocus(3) + !Skin.HasSetting(HomepageHideRecentlyAddedAlbums)</visible>
				<include>VisibleFadeEffect</include>
				<control type="label">
					<description>Title label</description>
					<left>320</left>
					<top>-55</top>
					<height>30</height>
					<width>1280</width>
					<label>$LOCALIZE[20382]: $LOCALIZE[132]</label>
					<align>center</align>
					<aligny>center</aligny>
					<font>font12_title</font>
					<textcolor>white</textcolor>
					<shadowcolor>black</shadowcolor>
				</control>
				<control type="list" id="8002">
					<animation effect="slide" start="0,0" end="150,0" time="0" condition="String.IsEqual(Container(8002).NumItems,5)">conditional</animation>
					<animation effect="slide" start="0,0" end="300,0" time="0" condition="String.IsEqual(Container(8002).NumItems,4)">conditional</animation>
					<animation effect="slide" start="0,0" end="450,0" time="0" condition="String.IsEqual(Container(8002).NumItems,3)">conditional</animation>
					<animation effect="slide" start="0,0" end="600,0" time="0" condition="String.IsEqual(Container(8002).NumItems,2)">conditional</animation>
					<animation effect="slide" start="0,0" end="750,0" time="0" condition="String.IsEqual(Container(8002).NumItems,1)">conditional</animation>
					<left>60</left>
					<top>0</top>
					<width>1800</width>
					<height>360</height>
					<onleft>8002</onleft>
					<onright>8002</onright>
					<onup>9002</onup>
					<ondown condition="System.HasAddon(script.globalsearch)">608</ondown>
					<ondown condition="!System.HasAddon(script.globalsearch)">603</ondown>
					<viewtype label="535">list</viewtype>
					<pagecontrol />
					<scrolltime>200</scrolltime>
					<orientation>Horizontal</orientation>
					<itemlayout height="330" width="300">
						<control type="image">
							<description>background</description>
							<left>0</left>
							<top>0</top>
							<width>300</width>
							<height>330</height>
							<texture border="15">RecentAddedBack.png</texture>
						</control>
						<control type="image">
							<left>15</left>
							<top>15</top>
							<width>270</width>
							<height>232</height>
							<aspectratio>keep</aspectratio>
							<texture background="true">$INFO[ListItem.Icon]</texture>
							<bordertexture border="5">button-nofocus.png</bordertexture>
							<bordersize>5</bordersize>
						</control>
						<control type="label">
							<left>15</left>
							<top>255</top>
							<width>270</width>
							<height>30</height>
							<font>font10</font>
							<textcolor>grey2</textcolor>
							<shadowcolor>black</shadowcolor>
							<selectedcolor>selected</selectedcolor>
							<align>center</align>
							<aligny>center</aligny>
							<label>$INFO[ListItem.Label2]</label>
						</control>
						<control type="label">
							<left>15</left>
							<top>285</top>
							<width>270</width>
							<height>30</height>
							<font>font12</font>
							<textcolor>white</textcolor>
							<shadowcolor>black</shadowcolor>
							<selectedcolor>selected</selectedcolor>
							<align>center</align>
							<aligny>center</aligny>
							<label>$INFO[ListItem.Label]</label>
						</control>
					</itemlayout>
					<focusedlayout height="330" width="300">
						<control type="image">
							<description>background</description>
							<left>0</left>
							<top>0</top>
							<width>300</width>
							<height>330</height>
							<texture border="15">RecentAddedBack.png</texture>
						</control>
						<control type="image">
							<left>15</left>
							<top>15</top>
							<width>270</width>
							<height>232</height>
							<aspectratio>keep</aspectratio>
							<texture background="true">$INFO[ListItem.Icon]</texture>
							<bordertexture border="5">folder-focus.png</bordertexture>
							<bordersize>5</bordersize>
							<visible>Control.HasFocus(8002) | Control.HasFocus(1) | Control.HasFocus(2)</visible>
						</control>
						<control type="image">
							<left>15</left>
							<top>15</top>
							<width>270</width>
							<height>232</height>
							<aspectratio>keep</aspectratio>
							<texture background="true">$INFO[ListItem.Icon]</texture>
							<bordertexture border="5">button-nofocus.png</bordertexture>
							<bordersize>5</bordersize>
							<visible>!Control.HasFocus(8002)</visible>
						</control>
						<control type="label">
							<left>15</left>
							<top>255</top>
							<width>270</width>
							<height>30</height>
							<font>font10</font>
							<textcolor>grey2</textcolor>
							<shadowcolor>black</shadowcolor>
							<selectedcolor>selected</selectedcolor>
							<align>center</align>
							<aligny>center</aligny>
							<label>$INFO[ListItem.Label2]</label>
						</control>
						<control type="label">
							<left>15</left>
							<top>285</top>
							<width>270</width>
							<height>30</height>
							<font>font12</font>
							<textcolor>white</textcolor>
							<shadowcolor>black</shadowcolor>
							<selectedcolor>selected</selectedcolor>
							<align>center</align>
							<aligny>center</aligny>
							<label>$INFO[ListItem.Label]</label>
							<visible>!Control.HasFocus(8002)</visible>
						</control>
						<control type="label">
							<left>15</left>
							<top>285</top>
							<width>270</width>
							<height>30</height>
							<font>font12</font>
							<textcolor>blue</textcolor>
							<selectedcolor>selected</selectedcolor>
							<align>center</align>
							<aligny>center</aligny>
							<label>$INFO[ListItem.Label]</label>
							<visible>Control.HasFocus(8002) | Control.HasFocus(1) | Control.HasFocus(2)</visible>
						</control>
					</focusedlayout>
					<content>
						<item>
							<label>$INFO[Window.Property(LatestAlbum.1.Title)]</label>
							<label2>$INFO[Window.Property(LatestAlbum.1.Artist)]</label2>
							<onclick>PlayList.Clear</onclick>
							<onclick>PlayMedia("$INFO[Window.Property(LatestAlbum.1.Path)]")</onclick>
							<icon>DefaultAlbumCover.png</icon>
							<thumb>$INFO[Window.Property(LatestAlbum.1.Thumb)]</thumb>
							<visible>!String.IsEmpty(Window.Property(LatestAlbum.1.Title))</visible>
						</item>
						<item>
							<label>$INFO[Window.Property(LatestAlbum.2.Title)]</label>
							<label2>$INFO[Window.Property(LatestAlbum.2.Artist)]</label2>
							<onclick>PlayList.Clear</onclick>
							<onclick>PlayMedia("$INFO[Window.Property(LatestAlbum.2.Path)]")</onclick>
							<icon>DefaultAlbumCover.png</icon>
							<thumb>$INFO[Window.Property(LatestAlbum.2.Thumb)]</thumb>
							<visible>!String.IsEmpty(Window.Property(LatestAlbum.2.Title))</visible>
						</item>
						<item>
							<label>$INFO[Window.Property(LatestAlbum.3.Title)]</label>
							<label2>$INFO[Window.Property(LatestAlbum.3.Artist)]</label2>
							<onclick>PlayList.Clear</onclick>
							<onclick>PlayMedia("$INFO[Window.Property(LatestAlbum.3.Path)]")</onclick>
							<icon>DefaultAlbumCover.png</icon>
							<thumb>$INFO[Window.Property(LatestAlbum.3.Thumb)]</thumb>
							<visible>!String.IsEmpty(Window.Property(LatestAlbum.3.Title))</visible>
						</item>
						<item>
							<label>$INFO[Window.Property(LatestAlbum.4.Title)]</label>
							<label2>$INFO[Window.Property(LatestAlbum.4.Artist)]</label2>
							<onclick>PlayList.Clear</onclick>
							<onclick>PlayMedia("$INFO[Window.Property(LatestAlbum.4.Path)]")</onclick>
							<icon>DefaultAlbumCover.png</icon>
							<thumb>$INFO[Window.Property(LatestAlbum.4.Thumb)]</thumb>
							<visible>!String.IsEmpty(Window.Property(LatestAlbum.4.Title))</visible>
						</item>
						<item>
							<label>$INFO[Window.Property(LatestAlbum.5.Title)]</label>
							<label2>$INFO[Window.Property(LatestAlbum.5.Artist)]</label2>
							<onclick>PlayList.Clear</onclick>
							<onclick>PlayMedia("$INFO[Window.Property(LatestAlbum.5.Path)]")</onclick>
							<icon>DefaultAlbumCover.png</icon>
							<thumb>$INFO[Window.Property(LatestAlbum.5.Thumb)]</thumb>
							<visible>!String.IsEmpty(Window.Property(LatestAlbum.5.Title))</visible>
						</item>
						<item>
							<label>$INFO[Window.Property(LatestAlbum.6.Title)]</label>
							<label2>$INFO[Window.Property(LatestAlbum.6.Artist)]</label2>
							<onclick>PlayList.Clear</onclick>
							<onclick>PlayMedia("$INFO[Window.Property(LatestAlbum.6.Path)]")</onclick>
							<icon>DefaultAlbumCover.png</icon>
							<thumb>$INFO[Window.Property(LatestAlbum.6.Thumb)]</thumb>
							<visible>!String.IsEmpty(Window.Property(LatestAlbum.6.Title))</visible>
						</item>
						<item>
							<label>$INFO[Window.Property(LatestAlbum.7.Title)]</label>
							<label2>$INFO[Window.Property(LatestAlbum.7.Artist)]</label2>
							<onclick>PlayList.Clear</onclick>
							<onclick>PlayMedia("$INFO[Window.Property(LatestAlbum.7.Path)]")</onclick>
							<icon>DefaultAlbumCover.png</icon>
							<thumb>$INFO[Window.Property(LatestAlbum.7.Thumb)]</thumb>
							<visible>!String.IsEmpty(Window.Property(LatestAlbum.7.Title))</visible>
						</item>
						<item>
							<label>$INFO[Window.Property(LatestAlbum.8.Title)]</label>
							<label2>$INFO[Window.Property(LatestAlbum.8.Artist)]</label2>
							<onclick>PlayList.Clear</onclick>
							<onclick>PlayMedia("$INFO[Window.Property(LatestAlbum.8.Path)]")</onclick>
							<icon>DefaultAlbumCover.png</icon>
							<thumb>$INFO[Window.Property(LatestAlbum.8.Thumb)]</thumb>
							<visible>!String.IsEmpty(Window.Property(LatestAlbum.8.Title))</visible>
						</item>
						<item>
							<label>$INFO[Window.Property(LatestAlbum.9.Title)]</label>
							<label2>$INFO[Window.Property(LatestAlbum.9.Artist)]</label2>
							<onclick>PlayList.Clear</onclick>
							<onclick>PlayMedia("$INFO[Window.Property(LatestAlbum.9.Path)]")</onclick>
							<icon>DefaultAlbumCover.png</icon>
							<thumb>$INFO[Window.Property(LatestAlbum.9.Thumb)]</thumb>
							<visible>!String.IsEmpty(Window.Property(LatestAlbum.9.Title))</visible>
						</item>
						<item>
							<label>$INFO[Window.Property(LatestAlbum.10.Title)]</label>
							<label2>$INFO[Window.Property(LatestAlbum.10.Artist)]</label2>
							<onclick>PlayList.Clear</onclick>
							<onclick>PlayMedia("$INFO[Window.Property(LatestAlbum.10.Path)]")</onclick>
							<icon>DefaultAlbumCover.png</icon>
							<thumb>$INFO[Window.Property(LatestAlbum.10.Thumb)]</thumb>
							<visible>!String.IsEmpty(Window.Property(LatestAlbum.10.Title))</visible>
						</item>
					</content>
				</control>
				<control type="button">
					<description>left Arrow</description>
					<left>10</left>
					<top>135</top>
					<width>45</width>
					<height>60</height>
					<texturefocus>arrow-big-left.png</texturefocus>
					<texturenofocus>arrow-big-left.png</texturenofocus>
					<onclick>Control.Move(8002,-1)</onclick>
					<visible>[Control.HasFocus(8002) | System.GetBool(Input.EnableMouse)] + [Container(8002).HasNext | Container(8002).HasPrevious]</visible>
					<include>VisibleFadeEffect</include>
					<hitrect x="1855" y="0" w="70" h="330"/>
				</control>
				<control type="button">
					<description>right Arrow</description>
					<left>1865</left>
					<top>135</top>
					<width>45</width>
					<height>60</height>
					<texturefocus>arrow-big-right.png</texturefocus>
					<texturenofocus>arrow-big-right.png</texturenofocus>
					<onclick>Control.Move(8002,1)</onclick>
					<visible>[Control.HasFocus(8002) | System.GetBool(Input.EnableMouse)] + [Container(8002).HasNext | Container(8002).HasPrevious]</visible>
					<include>VisibleFadeEffect</include>
					<hitrect x="0" y="0" w="70" h="330"/>
				</control>
			</control>
			<control type="group">
				<left>0</left>
				<top>75</top>
				<visible>Library.HasContent(MusicVideos)</visible>
				<visible>Container(9000).Hasfocus(15) + !Skin.HasSetting(HomepageHideRecentlyAddedVideos)</visible>
				<include>VisibleFadeEffect</include>
				<control type="label">
					<description>Title label</description>
					<left>320</left>
					<top>-55</top>
					<height>30</height>
					<width>1280</width>
					<label>$LOCALIZE[20382]: $LOCALIZE[20389]</label>
					<align>center</align>
					<aligny>center</aligny>
					<font>font12_title</font>
					<textcolor>white</textcolor>
					<shadowcolor>black</shadowcolor>
				</control>
				<control type="list" id="8004">
					<animation effect="slide" start="0,0" end="150,0" time="0" condition="String.IsEqual(Container(8004).NumItems,5)">conditional</animation>
					<animation effect="slide" start="0,0" end="300,0" time="0" condition="String.IsEqual(Container(8004).NumItems,4)">conditional</animation>
					<animation effect="slide" start="0,0" end="450,0" time="0" condition="String.IsEqual(Container(8004).NumItems,3)">conditional</animation>
					<animation effect="slide" start="0,0" end="600,0" time="0" condition="String.IsEqual(Container(8004).NumItems,2)">conditional</animation>
					<animation effect="slide" start="0,0" end="750,0" time="0" condition="String.IsEqual(Container(8004).NumItems,1)">conditional</animation>
					<left>60</left>
					<top>0</top>
					<width>1800</width>
					<height>360</height>
					<onleft>8004</onleft>
					<onright>8004</onright>
					<onup>9002</onup>
					<ondown condition="System.HasAddon(script.globalsearch)">608</ondown>
					<ondown condition="!System.HasAddon(script.globalsearch)">603</ondown>
					<viewtype label="535">list</viewtype>
					<pagecontrol />
					<scrolltime>200</scrolltime>
					<orientation>Horizontal</orientation>
					<itemlayout height="330" width="300">
						<control type="image">
							<description>background</description>
							<left>0</left>
							<top>0</top>
							<width>300</width>
							<height>330</height>
							<texture border="15">RecentAddedBack.png</texture>
						</control>
						<control type="image">
							<left>15</left>
							<top>15</top>
							<width>270</width>
							<height>232</height>
							<aspectratio>keep</aspectratio>
							<texture background="true">$INFO[ListItem.Icon]</texture>
							<bordertexture border="5">button-nofocus.png</bordertexture>
							<bordersize>5</bordersize>
						</control>
						<control type="label">
							<left>15</left>
							<top>255</top>
							<width>270</width>
							<height>30</height>
							<font>font10</font>
							<textcolor>grey2</textcolor>
							<shadowcolor>black</shadowcolor>
							<selectedcolor>selected</selectedcolor>
							<align>center</align>
							<aligny>center</aligny>
							<label>$INFO[ListItem.Artist]</label>
						</control>
						<control type="label">
							<left>15</left>
							<top>285</top>
							<width>270</width>
							<height>30</height>
							<font>font12</font>
							<textcolor>white</textcolor>
							<shadowcolor>black</shadowcolor>
							<selectedcolor>selected</selectedcolor>
							<align>center</align>
							<aligny>center</aligny>
							<label>$INFO[ListItem.Label]</label>
						</control>
					</itemlayout>
					<focusedlayout height="330" width="300">
						<control type="image">
							<description>background</description>
							<left>0</left>
							<top>0</top>
							<width>300</width>
							<height>330</height>
							<texture border="15">RecentAddedBack.png</texture>
						</control>
						<control type="image">
							<left>15</left>
							<top>15</top>
							<width>270</width>
							<height>232</height>
							<aspectratio>keep</aspectratio>
							<texture background="true">$INFO[ListItem.Icon]</texture>
							<bordertexture border="5">folder-focus.png</bordertexture>
							<bordersize>5</bordersize>
							<visible>Control.HasFocus(8004) | Control.HasFocus(1) | Control.HasFocus(2)</visible>
						</control>
						<control type="image">
							<left>15</left>
							<top>15</top>
							<width>270</width>
							<height>232</height>
							<aspectratio>keep</aspectratio>
							<texture background="true">$INFO[ListItem.Icon]</texture>
							<bordertexture border="5">button-nofocus.png</bordertexture>
							<bordersize>5</bordersize>
							<visible>!Control.HasFocus(8004)</visible>
						</control>
						<control type="label">
							<left>15</left>
							<top>255</top>
							<width>270</width>
							<height>30</height>
							<font>font10</font>
							<textcolor>grey2</textcolor>
							<shadowcolor>black</shadowcolor>
							<selectedcolor>selected</selectedcolor>
							<align>center</align>
							<aligny>center</aligny>
							<label>$INFO[ListItem.Artist]</label>
						</control>
						<control type="label">
							<left>15</left>
							<top>285</top>
							<width>270</width>
							<height>30</height>
							<font>font12</font>
							<textcolor>white</textcolor>
							<shadowcolor>black</shadowcolor>
							<selectedcolor>selected</selectedcolor>
							<align>center</align>
							<aligny>center</aligny>
							<label>$INFO[ListItem.Label]</label>
							<visible>!Control.HasFocus(8004)</visible>
						</control>
						<control type="label">
							<left>15</left>
							<top>285</top>
							<width>270</width>
							<height>30</height>
							<font>font12</font>
							<textcolor>blue</textcolor>
							<selectedcolor>selected</selectedcolor>
							<align>center</align>
							<aligny>center</aligny>
							<label>$INFO[ListItem.Label]</label>
							<visible>Control.HasFocus(8004) | Control.HasFocus(1) | Control.HasFocus(2)</visible>
						</control>
					</focusedlayout>
					<content>special://skin/extras/musicvideosrecentlyaddedandunwatched.xsp</content>
				</control>
				<control type="button">
					<description>left Arrow</description>
					<left>10</left>
					<top>135</top>
					<width>45</width>
					<height>60</height>
					<texturefocus>arrow-big-left.png</texturefocus>
					<texturenofocus>arrow-big-left.png</texturenofocus>
					<onclick>Control.Move(8004,-1)</onclick>
					<visible>[Control.HasFocus(8004) | System.GetBool(Input.EnableMouse)] + [Container(8004).HasNext | Container(8004).HasPrevious]</visible>
					<include>VisibleFadeEffect</include>
					<hitrect x="1855" y="0" w="70" h="330"/>
				</control>
				<control type="button">
					<description>right Arrow</description>
					<left>1865</left>
					<top>135</top>
					<width>45</width>
					<height>60</height>
					<texturefocus>arrow-big-right.png</texturefocus>
					<texturenofocus>arrow-big-right.png</texturenofocus>
					<onclick>Control.Move(8004,1)</onclick>
					<visible>[Control.HasFocus(8004) | System.GetBool(Input.EnableMouse)] + [Container(8004).HasNext | Container(8004).HasPrevious]</visible>
					<include>VisibleFadeEffect</include>
					<hitrect x="0" y="0" w="70" h="330"/>
				</control>
			</control>
			<control type="group">
				<left>60</left>
				<top>75</top>
				<visible>PVR.HasTVChannels</visible>
				<visible>Container(9000).Hasfocus(12) + !Skin.HasSetting(HomepageHideRecentlyAddedVideos)</visible>
				<include>VisibleFadeEffect</include>
				<control type="label">
					<visible>Integer.IsGreater(Container(8005).NumItems,0)</visible>
					<description>Title label</description>
					<left>360</left>
					<top>330</top>
					<height>30</height>
					<width>1080</width>
					<label>$LOCALIZE[19023] - $VAR[TVWidgetLabel] $INFO[Container(8005).NumItems,(,)]</label>
					<align>center</align>
					<aligny>center</aligny>
					<font>font12_title</font>
					<textcolor>white</textcolor>
					<shadowcolor>black</shadowcolor>
				</control>
				<control type="list" id="8005">
					<visible>![PVR.IsRecording | PVR.HasNonRecordingTimer]</visible>
					<animation effect="slide" start="0,0" end="128,0" time="0" condition="String.IsEqual(Container(8005).NumItems,6)">conditional</animation>
					<animation effect="slide" start="0,0" end="256,0" time="0" condition="String.IsEqual(Container(8005).NumItems,5)">conditional</animation>
					<animation effect="slide" start="0,0" end="384,0" time="0" condition="String.IsEqual(Container(8005).NumItems,4)">conditional</animation>
					<animation effect="slide" start="0,0" end="512,0" time="0" condition="String.IsEqual(Container(8005).NumItems,3)">conditional</animation>
					<animation effect="slide" start="0,0" end="640,0" time="0" condition="String.IsEqual(Container(8005).NumItems,2)">conditional</animation>
					<animation effect="slide" start="0,0" end="768,0" time="0" condition="String.IsEqual(Container(8005).NumItems,1)">conditional</animation>
					<left>5</left>
					<top>0</top>
					<width>1792</width>
					<height>360</height>
					<onleft>8005</onleft>
					<onright>8005</onright>
					<onup>8013</onup>
					<ondown condition="System.HasAddon(script.globalsearch)">608</ondown>
					<ondown condition="!System.HasAddon(script.globalsearch)">603</ondown>
					<viewtype label="535">list</viewtype>
					<pagecontrol>-</pagecontrol>
					<scrolltime>200</scrolltime>
					<orientation>Horizontal</orientation>
					<hitrect x="0" y="0" w="1800" h="530"/>
					<itemlayout height="330" width="256">
						<control type="image">
							<description>background</description>
							<left>0</left>
							<top>0</top>
							<width>256</width>
							<height>330</height>
							<texture border="22" colordiffuse="theme">RecentAddedBack.png</texture>
						</control>
						<control type="label">
							<visible>String.IsEqual(Listitem.Icon,Listitem.Label) | String.IsEmpty(Listitem.Icon)</visible>
							<left>15</left>
							<top>50</top>
							<width>226</width>
							<height>30</height>
							<font>font14</font>
							<textcolor>white</textcolor>
							<shadowcolor>black</shadowcolor>
							<selectedcolor>white</selectedcolor>
							<label>$INFO[Listitem.Label]</label>
							<align>center</align>
						</control>
						<control type="image">
							<visible>!String.IsEqual(Listitem.Icon,Listitem.Label) + !String.IsEmpty(Listitem.Icon) + !String.IsEmpty(Listitem.Title)</visible>
							<left>15</left>
							<top>15</top>
							<width>226</width>
							<height>100</height>
							<aspectratio>keep</aspectratio>
							<texture background="true">$INFO[ListItem.Icon]</texture>
							<bordertexture border="8" colordiffuse="theme">button-nofocus.png</bordertexture>
							<bordersize>8</bordersize>
						</control>
						<control type="progress">
							<description>Progressbar</description>
							<left>15</left>
							<top>120</top>
							<width>226</width>
							<height>9</height>
							<colordiffuse>88FFFFFF</colordiffuse>
							<visible>ListItem.HasEpg</visible>
							<info>ListItem.Progress</info>
						</control>
						<control type="textbox">
							<left>15</left>
							<top>129</top>
							<width>226</width>
							<height>155</height>
							<font>font10</font>
							<textcolor>grey2</textcolor>
							<shadowcolor>black</shadowcolor>
							<selectedcolor>selected</selectedcolor>
							<align>center</align>
							<aligny>center</aligny>
							<label>$INFO[ListItem.Plot]</label>
							<autoscroll time="3000" delay="1000" repeat="5000">Skin.HasSetting(AutoScroll)</autoscroll>
						</control>
						<control type="label">
							<left>15</left>
							<top>285</top>
							<width>226</width>
							<height>30</height>
							<font>font12</font>
							<textcolor>white</textcolor>
							<shadowcolor>black</shadowcolor>
							<selectedcolor>white</selectedcolor>
							<align>center</align>
							<aligny>center</aligny>
							<label>$INFO[ListItem.Title]</label>
						</control>
						<control type="image">
							<visible>String.IsEmpty(Listitem.Plot) + String.IsEmpty(Listitem.Title)</visible>
							<left>15</left>
							<top>45</top>
							<width>226</width>
							<height>232</height>
							<aspectratio>keep</aspectratio>
							<texture background="true">$INFO[ListItem.Icon]</texture>
							<bordertexture border="8" colordiffuse="theme">button-nofocus.png</bordertexture>
							<bordersize>8</bordersize>
						</control>
						<control type="label">
							<visible>String.IsEmpty(Listitem.Plot) + String.IsEmpty(Listitem.Title)</visible>
							<left>15</left>
							<top>285</top>
							<width>226</width>
							<height>30</height>
							<font>font12</font>
							<textcolor>white</textcolor>
							<shadowcolor>black</shadowcolor>
							<selectedcolor>white</selectedcolor>
							<align>center</align>
							<aligny>center</aligny>
							<label>$INFO[ListItem.Label]</label>
						</control>
					</itemlayout>
					<focusedlayout height="330" width="256">
						<control type="image">
							<description>background</description>
							<left>0</left>
							<top>0</top>
							<width>256</width>
							<height>330</height>
							<texture border="22" colordiffuse="theme">RecentAddedBack.png</texture>
						</control>
						<control type="image">
							<visible>[!String.IsEqual(Listitem.Icon,Listitem.Label) + !String.IsEmpty(Listitem.Icon)] + !Control.HasFocus(8005) + !String.IsEmpty(Listitem.Title)</visible>
							<left>15</left>
							<top>15</top>
							<width>226</width>
							<height>100</height>
							<aspectratio>keep</aspectratio>
							<texture background="true">$INFO[ListItem.Icon]</texture>
							<bordertexture border="8" colordiffuse="theme">button-nofocus.png</bordertexture>
							<bordersize>8</bordersize>
						</control>
						<control type="image">
							<visible>[!String.IsEqual(Listitem.Icon,Listitem.Label) + !String.IsEmpty(Listitem.Icon)] + Control.HasFocus(8005) + !String.IsEmpty(Listitem.Title)</visible>
							<left>15</left>
							<top>15</top>
							<width>226</width>
							<height>100</height>
							<aspectratio>keep</aspectratio>
							<texture background="true">$INFO[ListItem.Icon]</texture>
							<bordertexture border="8" colordiffuse="theme">folder-focus.png</bordertexture>
							<bordersize>8</bordersize>
						</control>
						<control type="progress">
							<description>Progressbar</description>
							<left>15</left>
							<top>120</top>
							<width>226</width>
							<height>9</height>
							<colordiffuse>88FFFFFF</colordiffuse>
							<visible>ListItem.HasEpg</visible>
							<info>ListItem.Progress</info>
						</control>
						<control type="textbox">
							<visible>!Control.HasFocus(8005)</visible>
							<left>15</left>
							<top>129</top>
							<width>226</width>
							<height>155</height>
							<font>font10</font>
							<textcolor>grey2</textcolor>
							<shadowcolor>black</shadowcolor>
							<selectedcolor>selected</selectedcolor>
							<align>center</align>
							<aligny>center</aligny>
							<label>$INFO[ListItem.Plot]</label>
							<autoscroll time="3000" delay="1000" repeat="5000">Skin.HasSetting(AutoScroll)</autoscroll>
						</control>
						<control type="textbox">
							<visible>Control.HasFocus(8005)</visible>
							<left>15</left>
							<top>129</top>
							<width>226</width>
							<height>155</height>
							<font>font10</font>
							<textcolor>white</textcolor>
							<shadowcolor>black</shadowcolor>
							<selectedcolor>selected</selectedcolor>
							<align>center</align>
							<aligny>center</aligny>
							<label>$INFO[ListItem.Plot]</label>
							<autoscroll time="3000" delay="1000" repeat="5000">Skin.HasSetting(AutoScroll)</autoscroll>
						</control>
						<control type="label">
							<left>15</left>
							<top>285</top>
							<width>226</width>
							<height>30</height>
							<font>font12</font>
							<textcolor>white</textcolor>
							<shadowcolor>black</shadowcolor>
							<selectedcolor>theme</selectedcolor>
							<align>center</align>
							<aligny>center</aligny>
							<label>$INFO[ListItem.Title]</label>
						</control>
						<control type="image">
							<visible>String.IsEmpty(Listitem.Plot) + String.IsEmpty(Listitem.Title) + !Control.HasFocus(8005)</visible>
							<left>15</left>
							<top>45</top>
							<width>226</width>
							<height>232</height>
							<aspectratio>keep</aspectratio>
							<texture background="true">$INFO[ListItem.Icon]</texture>
							<bordertexture border="8" colordiffuse="theme">button-nofocus.png</bordertexture>
							<bordersize>8</bordersize>
						</control>
						<control type="image">
							<visible>String.IsEmpty(Listitem.Plot) + String.IsEmpty(Listitem.Title) + Control.HasFocus(8005)</visible>
							<left>15</left>
							<top>45</top>
							<width>226</width>
							<height>232</height>
							<aspectratio>keep</aspectratio>
							<texture background="true">$INFO[ListItem.Icon]</texture>
							<bordertexture border="8" colordiffuse="theme">folder-focus.png</bordertexture>
							<bordersize>8</bordersize>
						</control>
					</focusedlayout>
					<content>pvr://channels/tv/*?view=lastplayed</content>
				</control>
				<control type="button">
					<description>left Arrow</description>
					<left>10</left>
					<top>135</top>
					<width>45</width>
					<height>60</height>
					<texturefocus>arrow-big-left.png</texturefocus>
					<texturenofocus>arrow-big-left.png</texturenofocus>
					<onclick>Control.Move(8005,-1)</onclick>
					<visible>[Control.HasFocus(8005) | System.GetBool(Input.EnableMouse)] + [Container(8005).HasNext | Container(8005).HasPrevious]</visible>
					<include>VisibleFadeEffect</include>
					<hitrect x="1855" y="0" w="70" h="330"/>
				</control>
				<control type="button">
					<description>right Arrow</description>
					<left>1865</left>
					<top>135</top>
					<width>45</width>
					<height>60</height>
					<texturefocus>arrow-big-right.png</texturefocus>
					<texturenofocus>arrow-big-right.png</texturenofocus>
					<onclick>Control.Move(8005,1)</onclick>
					<visible>[Control.HasFocus(8005) | System.GetBool(Input.EnableMouse)] + [Container(8005).HasNext | Container(8005).HasPrevious]</visible>
					<include>VisibleFadeEffect</include>
					<hitrect x="0" y="0" w="70" h="330"/>
				</control>
			</control>
		</control>
	</include>
</includes>
