<?xml version="1.0" encoding="UTF-8"?>
<window>
	<defaultcontrol always="true">100</defaultcontrol>
	<onload condition="!VideoPlayer.Content(LiveTV)">SetFocus(202)</onload>
	<include>dialogeffect</include>
	<depth>DepthOSD</depth>
	<coordinates>
		<left>0</left>
		<top>0</top>
	</coordinates>
	<controls>
		<control type="button">
			<description>Close Window button</description>
			<left>126r</left>
			<top>0</top>
			<width>96</width>
			<height>48</height>
			<label></label>
			<font></font>
			<onclick>Dialog.Close(VideoOSD,true)</onclick>
			<onclick>FullScreen</onclick>
			<texturefocus>DialogCloseButton-focus.png</texturefocus>
			<texturenofocus>DialogCloseButton.png</texturenofocus>
			<animation effect="slide" start="0,0" end="-45,0" time="0" condition="Player.Muted">conditional</animation>
			<animation effect="fade" time="150">VisibleChange</animation>
			<visible>system.getbool(input.enablemouse) + ![Window.IsVisible(SliderDialog) | Window.IsVisible(OSDSubtitleSettings) | Window.IsVisible(OSDVideoSettings) | Window.IsVisible(OSDAudioSettings) | Window.IsVisible(OSDAudioDSPSettings) | Window.IsVisible(VideoBookmarks)]</visible>
		</control>
		<control type="slider" id="87">
			<depth>DepthOSD+</depth>
			<description>Seek Slider</description>
			<left>645</left>
			<top>123r</top>
			<width>1080</width>
			<height>24</height>
			<onup>702</onup>
			<ondown>26</ondown>
			<action>seek</action>
			<texturesliderbar>seekslider2.png</texturesliderbar>
			<textureslidernib>osd_slider_nibNF.png</textureslidernib>
			<textureslidernibfocus>osd_slider_nib.png</textureslidernibfocus>
			<animation effect="fade" time="150">VisibleChange</animation>
			<visible>![Window.IsVisible(SliderDialog) | Window.IsVisible(OSDSubtitleSettings) | Window.IsVisible(OSDVideoSettings) | Window.IsVisible(OSDAudioSettings) | Window.IsVisible(OSDAudioDSPSettings) | Window.IsVisible(VideoBookmarks) | VideoPlayer.Content(LiveTV)]</visible>
		</control>
		<control type="grouplist" id="100">
			<left>488</left>
			<top>90r</top>
			<orientation>horizontal</orientation>
			<itemgap>0</itemgap>
			<animation effect="fade" time="150">VisibleChange</animation>
			<visible>![Window.IsVisible(SliderDialog) | Window.IsVisible(OSDSubtitleSettings) | Window.IsVisible(OSDVideoSettings) | Window.IsVisible(OSDAudioSettings) | Window.IsVisible(OSDAudioDSPSettings) | Window.IsVisible(VideoBookmarks) | Window.IsVisible(PVROSDChannels) | Window.IsVisible(PVRChannelGuide)]</visible>
			<control type="button" id="300">
				<width>82</width>
				<height>82</height>
				<label>210</label>
				<font></font>
				<texturefocus>OSDChannelUPFO.png</texturefocus>
				<texturenofocus>OSDChannelUPNF.png</texturenofocus>
				<onclick>PlayerControl(Previous)</onclick>
				<visible>VideoPlayer.Content(LiveTV)</visible>
			</control>
			<control type="button" id="301">
				<width>82</width>
				<height>82</height>
				<label>209</label>
				<font></font>
				<texturefocus>OSDChannelDownFO.png</texturefocus>
				<texturenofocus>OSDChannelDownNF.png</texturenofocus>
				<onclick>PlayerControl(Next)</onclick>
				<visible>VideoPlayer.Content(LiveTV)</visible>
			</control>
			<control type="button" id="200">
				<width>82</width>
				<height>82</height>
				<label>210</label>
				<font></font>
				<texturefocus>OSDPrevTrackFO.png</texturefocus>
				<texturenofocus>OSDPrevTrackNF.png</texturenofocus>
				<onclick>PlayerControl(Previous)</onclick>
				<visible>!VideoPlayer.Content(LiveTV)</visible>
			</control>
			<control type="button" id="201">
				<width>82</width>
				<height>82</height>
				<label>31354</label>
				<font></font>
				<texturefocus>OSDRewindFO.png</texturefocus>
				<texturenofocus>OSDRewindNF.png</texturenofocus>
				<enable>Player.SeekEnabled</enable>
				<animation effect="fade" start="100" end="50" time="75" condition="!Player.SeekEnabled">Conditional</animation>
				<onclick condition="!Player.Paused + !Player.IsTempo">PlayerControl(Rewind)</onclick>
				<onclick condition="Player.Paused + Player.TempoEnabled">PlayerControl(Play)</onclick>
				<onclick condition="Player.Paused + Player.TempoEnabled">PlayerControl(TempoDown)</onclick>
				<onclick condition="Player.IsTempo + Player.TempoEnabled">PlayerControl(TempoDown)</onclick>
			</control>
			<control type="togglebutton" id="202">
				<width>82</width>
				<height>82</height>
				<label>31351</label>
				<altlabel>208</altlabel>
				<font></font>
				<texturefocus>OSDPauseFO.png</texturefocus>
				<texturenofocus>OSDPauseNF.png</texturenofocus>
				<usealttexture>Player.Paused | Player.Forwarding | Player.Rewinding</usealttexture>
				<alttexturefocus>OSDPlayFO.png</alttexturefocus>
				<alttexturenofocus>OSDPlayNF.png</alttexturenofocus>
				<onclick>PlayerControl(Play)</onclick>
				<enable>Player.PauseEnabled</enable>
				<animation effect="fade" start="100" end="50" time="75" condition="!Player.PauseEnabled">Conditional</animation>
			</control>
			<control type="button" id="203">
				<width>82</width>
				<height>82</height>
				<label>31352</label>
				<font></font>
				<texturefocus>OSDStopFO.png</texturefocus>
				<texturenofocus>OSDStopNF.png</texturenofocus>
				<onclick>PlayerControl(Stop)</onclick>
			</control>
			<control type="button" id="204">
				<width>82</width>
				<height>82</height>
				<label>31353</label>
				<font></font>
				<texturefocus>OSDForwardFO.png</texturefocus>
				<texturenofocus>OSDForwardNF.png</texturenofocus>
				<enable>Player.SeekEnabled</enable>
				<animation effect="fade" start="100" end="50" time="75" condition="!Player.SeekEnabled">Conditional</animation>
				<onclick condition="!Player.Paused + !Player.IsTempo">PlayerControl(Forward)</onclick>
				<onclick condition="Player.Paused + Player.TempoEnabled">PlayerControl(Play)</onclick>
				<onclick condition="Player.Paused + Player.TempoEnabled">PlayerControl(TempoUp)</onclick>
				<onclick condition="Player.IsTempo + Player.TempoEnabled">PlayerControl(TempoUp)</onclick>
			</control>
			<control type="button" id="205">
				<width>82</width>
				<height>82</height>
				<label>209</label>
				<font></font>
				<texturefocus>OSDNextTrackFO.png</texturefocus>
				<texturenofocus>OSDNextTrackNF.png</texturenofocus>
				<onclick>PlayerControl(Next)</onclick>
				<visible>!VideoPlayer.Content(LiveTV)</visible>
			</control>
			<control type="button" id="306">
				<width>82</width>
				<height>82</height>
				<label>19019</label>
				<font></font>
				<texturefocus>OSDChannelListFO.png</texturefocus>
				<texturenofocus>OSDChannelListNF.png</texturenofocus>
				<onclick>ActivateWindow(PVROSDChannels)</onclick>
				<onclick>Dialog.Close(VideoOSD)</onclick>
				<visible>VideoPlayer.Content(LiveTV)</visible>
			</control>
			<control type="button" id="307">
				<width>82</width>
				<height>82</height>
				<label>$LOCALIZE[19029]$INFO[VideoPlayer.ChannelName, - ]</label>
				<font></font>
				<texturefocus>OSDepgFO.png</texturefocus>
				<texturenofocus>OSDepgNF.png</texturenofocus>
				<onclick>ActivateWindow(PVRChannelGuide)</onclick>
				<onclick>Dialog.Close(VideoOSD)</onclick>
				<visible>VideoPlayer.Content(LiveTV)</visible>
			</control>
			<control type="button" id="350">
				<width>82</width>
				<height>82</height>
				<label>31356</label>
				<font></font>
				<texturefocus>OSDTeleTextFO.png</texturefocus>
				<texturenofocus>OSDTeleTextNF.png</texturenofocus>
				<onclick>ActivateWindow(Teletext)</onclick>
				<visible>VideoPlayer.Content(LiveTV)</visible>
			</control>
			<control type="image" id="2200">
				<width>405</width>
				<texture></texture>
				<visible>VideoPlayer.HasMenu + !VideoPlayer.Content(LiveTV)</visible>
			</control>
			<control type="image" id="2300">
				<width>240</width>
				<texture></texture>
				<visible>VideoPlayer.Content(LiveTV)</visible>
			</control>
			<control type="image" id="2600">
				<width>488</width>
				<texture></texture>
				<visible>!VideoPlayer.Content(LiveTV) + !VideoPlayer.HasMenu</visible>
			</control>
			<control type="button" id="255">
				<enable>VideoPlayer.IsStereoscopic</enable>
				<animation effect="fade" start="100" end="0" time="75" condition="!VideoPlayer.IsStereoscopic">Conditional</animation>
				<width>82</width>
				<height>82</height>
				<label>36501</label>
				<font></font>
				<texturefocus>OSDStereoscopicFO.png</texturefocus>
				<texturenofocus>OSDStereoscopicNF.png</texturenofocus>
				<onup>501</onup>
			</control>
			<control type="button" id="250">
				<width>82</width>
				<height>82</height>
				<label>31356</label>
				<font></font>
				<texturefocus>OSDSubtitlesFO.png</texturefocus>
				<texturenofocus>OSDSubtitlesNF.png</texturenofocus>
				<onclick>ActivateWindow(OSDSubtitleSettings)</onclick>
			</control>
			<control type="button" id="251">
				<width>82</width>
				<height>82</height>
				<label>13395</label>
				<font></font>
				<texturefocus>OSDVideoFO.png</texturefocus>
				<texturenofocus>OSDVideoNF.png</texturenofocus>
				<onclick>ActivateWindow(OSDVideoSettings)</onclick>
			</control>
			<control type="togglebutton" id="252">
				<width>82</width>
				<height>82</height>
				<label>13396</label>
				<font></font>
				<texturefocus>OSDAudioFO.png</texturefocus>
				<texturenofocus>OSDAudioNF.png</texturenofocus>
				<usealttexture>system.getbool(audiooutput.dspaddonsenabled)</usealttexture>
				<alttexturefocus>OSDDSPAudioFO.png</alttexturefocus>
				<alttexturenofocus>OSDDSPAudioNF.png</alttexturenofocus>
				<onclick>ActivateWindow(OSDAudioSettings)</onclick>
			</control>
			<control type="button" id="253">
				<width>82</width>
				<height>82</height>
				<label>298</label>
				<font></font>
				<texturefocus>OSDBookmarksFO.png</texturefocus>
				<texturenofocus>OSDBookmarksNF.png</texturenofocus>
				<onclick>ActivateWindow(VideoBookmarks)</onclick>
				<visible>!VideoPlayer.Content(LiveTV)</visible>
			</control>
			<control type="button" id="254">
				<width>82</width>
				<height>82</height>
				<label>31355</label>
				<font></font>
				<texturefocus>OSDDvdFO.png</texturefocus>
				<texturenofocus>OSDDvdNF.png</texturenofocus>
				<onclick>PlayerControl(ShowVideoMenu)</onclick>
				<visible>!VideoPlayer.Content(LiveTV) + VideoPlayer.HasMenu</visible>
			</control>
			<control type="togglebutton" id="353">
				<width>82</width>
				<height>82</height>
				<label>264</label>
				<altlabel>265</altlabel>
				<font></font>
				<texturefocus>OSDRecordOffFO.png</texturefocus>
				<texturenofocus>OSDRecordOffNF.png</texturenofocus>
				<usealttexture>PVR.IsRecordingPlayingChannel</usealttexture>
				<alttexturefocus>OSDRecordOnFO.png</alttexturefocus>
				<alttexturenofocus>OSDRecordOnNF.png</alttexturenofocus>
				<onclick>PVR.ToggleRecordPlayingChannel</onclick>
				<enable>PVR.CanRecordPlayingChannel</enable>
				<animation effect="fade" start="100" end="50" time="75" condition="!PVR.CanRecordPlayingChannel">Conditional</animation>
				<visible>VideoPlayer.Content(LiveTV)</visible>
			</control>
		</control>
		<control type="button" id="410">
			<description>Fake button for mouse control</description>
			<right>218</right>
			<bottom>90</bottom>
			<width>384</width>
			<height>375</height>
			<label></label>
			<font></font>
			<texturenofocus></texturenofocus>
			<texturefocus></texturefocus>
			<animation effect="slide" start="0,0" end="82,0" time="0" condition="VideoPlayer.Content(LiveTV)">Conditional</animation>
			<visible>Control.HasFocus(410) | Control.HasFocus(250) | ControlGroup(400).HasFocus</visible>
		</control>
		<control type="button" id="520">
			<description>Fake button for mouse control</description>
			<right>300</right>
			<bottom>90</bottom>
			<width>384</width>
			<height>315</height>
			<label></label>
			<font></font>
			<texturenofocus></texturenofocus>
			<texturefocus></texturefocus>
			<animation effect="slide" start="0,0" end="82,0" time="0" condition="VideoPlayer.Content(LiveTV)">Conditional</animation>
			<visible>Control.HasFocus(520) | Control.HasFocus(255) | ControlGroup(500).HasFocus</visible>
		</control>
		<control type="grouplist" id="500">
			<depth>DepthOSD+</depth>
			<visible>videoplayer.isstereoscopic + ![Window.IsVisible(SliderDialog) | Window.IsVisible(OSDSubtitleSettings) | Window.IsVisible(OSDVideoSettings) | Window.IsVisible(OSDAudioSettings) | Window.IsVisible(OSDAudioDSPSettings) | Window.IsVisible(VideoBookmarks) | Window.IsVisible(PVROSDChannels) | Window.IsVisible(PVRChannelGuide)] + [Control.HasFocus(255) | ControlGroup(500).HasFocus | Control.HasFocus(520)]</visible>
			<animation effect="fade" time="150">VisibleChange</animation>
			<animation effect="slide" start="0,0" end="82,0" time="0" condition="![VideoPlayer.HasMenu | VideoPlayer.Content(LiveTV)]">Conditional</animation>
			<animation effect="slide" start="0,0" end="82,0" time="0" condition="VideoPlayer.Content(LiveTV)">Conditional</animation>
			<right>300</right>
			<bottom>68</bottom>
			<width>384</width>
			<height>330</height>
			<itemgap>0</itemgap>
			<onleft>100</onleft>
			<onright>100</onright>
			<onup>255</onup>
			<ondown>255</ondown>
			<orientation>vertical</orientation>
			<include>VisibleFadeEffect</include>
			<control type="group">
				<description>Header</description>
				<width>384</width>
				<height>60</height>
				<control type="image">
					<description>Header</description>
					<left>0</left>
					<top>0</top>
					<width>384</width>
					<height>60</height>
					<texture border="20,18,20,0">SubMenuBack-Header.png</texture>
				</control>
				<control type="label">
					<left>0</left>
					<top>30</top>
					<width>384</width>
					<height>22</height>
					<font>font12</font>
					<label>36501</label>
					<textcolor>blue</textcolor>
					<align>center</align>
					<aligny>center</aligny>
				</control>
			</control>
			<control type="radiobutton" id="503">
				<height>60</height>
				<width>384</width>
				<textoffsetx>45</textoffsetx>
				<aligny>center</aligny>
				<font>font13</font>
				<label>31362</label>
				<radioposx>300</radioposx>
				<texturefocus border="25,5,25,5">SubMenuBack-MiddleFO.png</texturefocus>
				<texturenofocus border="25,5,25,5">SubMenuBack-MiddleNF.png</texturenofocus>
				<onclick>ToggleStereoMode</onclick>
				<selected>Integer.IsGreater(System.StereoscopicMode,0)</selected>
				<pulseonselect>false</pulseonselect>
			</control>
			<control type="button" id="502">
				<height>60</height>
				<width>384</width>
				<aligny>center</aligny>
				<font>font13</font>
				<textoffsetx>45</textoffsetx>
				<texturefocus border="25,5,25,5">SubMenuBack-MiddleFO.png</texturefocus>
				<texturenofocus border="25,5,25,5">SubMenuBack-MiddleNF.png</texturenofocus>
				<pulseonselect>false</pulseonselect>
				<label>31361</label>
				<onclick>StereoMode</onclick>
			</control>
			<control type="radiobutton" id="501">
				<height>60</height>
				<width>384</width>
				<textoffsetx>45</textoffsetx>
				<aligny>center</aligny>
				<font>font13</font>
				<label>31360</label>
				<radioposx>300</radioposx>
				<texturefocus border="25,5,25,5">SubMenuBack-MiddleFO.png</texturefocus>
				<texturenofocus border="25,5,25,5">SubMenuBack-MiddleNF.png</texturenofocus>
				<onclick>StereoModeToMono</onclick>
				<selected>String.IsEqual(System.StereoscopicMode,9)</selected>
				<pulseonselect>false</pulseonselect>
			</control>
			<control type="image" id="549">
				<description>Footer</description>
				<width>384</width>
				<height>78</height>
				<texture border="20,0,20,50">SubMenuBack-Footer.png</texture>
			</control>
		</control>
	</controls>
</window>
