<?xml version="1.0" encoding="utf-8"?>
<window type="dialog" id="1123">
	<defaultcontrol always="true">11000</defaultcontrol>
	<include>Animation_DialogPopupOpenClose</include>
	<controls>
		<control type="group">
			<centerleft>50%</centerleft>
			<height>800</height>
			<centertop>50%</centertop>
			<width>1000</width>
			<include content="DialogBackgroundCommons">
				<param name="width" value="1000" />
				<param name="height" value="800" />
				<param name="header_label" value="$LOCALIZE[40098]" />
				<param name="header_id" value="1" />
			</include>
			<control type="group" id="11000">
				<left>0</left>
				<top>80</top>
				<control type="grouplist" id="11100">
					<width>1000</width>
					<height>800</height>
					<itemgap>0</itemgap>
					<onup>11100</onup>
					<ondown>11100</ondown>
					<orientation>vertical</orientation>
					<control type="radiobutton" id="11111">
						<label>$LOCALIZE[40097] : $LOCALIZE[14022]</label>
						<include>DefaultSettingButton</include>
						<selected>Skin.HasSetting(hide_moviescategory)</selected>
						<onclick>Skin.ToggleSetting(hide_moviescategory)</onclick>
					</control>
					<control type="radiobutton" id="11113">
						<label>$LOCALIZE[40097] : $LOCALIZE[20382]</label>
						<include>DefaultSettingButton</include>
						<selected>Skin.HasSetting(hide_recentlymovies)</selected>
						<onclick>Skin.ToggleSetting(hide_recentlymovies)</onclick>
					</control>
					<control type="radiobutton" id="11114">
						<label> ∟$LOCALIZE[40018]</label>
						<include>DefaultSettingButton</include>
						<selected>Skin.HasSetting(HideWatchedMoviesFromRecently)</selected>
						<onclick>Skin.ToggleSetting(HideWatchedMoviesFromRecently)</onclick>
						<enable>!Skin.HasSetting(hide_recentlymovies)</enable>
					</control>
					<control type="radiobutton" id="11115">
						<label>$LOCALIZE[40097] : $LOCALIZE[575]</label>
						<include>DefaultSettingButton</include>
						<selected>Skin.HasSetting(hide_inprogressmovies)</selected>
						<onclick>Skin.ToggleSetting(hide_inprogressmovies)</onclick>
					</control>
					<control type="radiobutton" id="11116">
						<label>$LOCALIZE[40097] : $LOCALIZE[568]</label>
						<include>DefaultSettingButton</include>
						<selected>Skin.HasSetting(hide_lastplayedmovies)</selected>
						<onclick>Skin.ToggleSetting(hide_lastplayedmovies)</onclick>
					</control>
					<control type="radiobutton" id="11117">
						<label>$LOCALIZE[40097] : $LOCALIZE[590]</label>
						<include>DefaultSettingButton</include>
						<selected>Skin.HasSetting(hide_randommovies)</selected>
						<onclick>Skin.ToggleSetting(hide_randommovies)</onclick>
					</control>
					<control type="radiobutton" id="11118">
						<label>$LOCALIZE[40097] : $LOCALIZE[271]</label>
						<include>DefaultSettingButton</include>
						<selected>Skin.HasSetting(hide_topratedmovies)</selected>
						<onclick>Skin.ToggleSetting(hide_topratedmovies)</onclick>
					</control>
					<control type="radiobutton" id="11119">
						<label>$LOCALIZE[40097] : $LOCALIZE[20434]</label>
						<include>DefaultSettingButton</include>
						<selected>Skin.HasSetting(hide_sets)</selected>
						<onclick>Skin.ToggleSetting(hide_sets)</onclick>
					</control>
					<control type="radiobutton" id="11120">
						<label>$LOCALIZE[40097] : $LOCALIZE[135]</label>
						<include>DefaultSettingButton</include>
						<selected>Skin.HasSetting(hide_genremovies)</selected>
						<onclick>Skin.ToggleSetting(hide_genremovies)</onclick>
					</control>
					<control type="radiobutton" id="11121">
						<label>$LOCALIZE[40097] : $LOCALIZE[20388]</label>
						<include>DefaultSettingButton</include>
						<selected>Skin.HasSetting(hide_studiomovies)</selected>
						<onclick>Skin.ToggleSetting(hide_studiomovies)</onclick>
					</control>
				</control>
			</control>
		</control>
	</controls>
</window>
