<?xml version="1.0" encoding="UTF-8"?>
<window id="1149" type="window">
	<defaultcontrol always="true">100</defaultcontrol>
	<controls>
		<control type="image">
			<left>0</left>
			<top>0</top>
			<width>1920</width>
			<height>1080</height>
			<texture border="0,0,0,0">special://skin/extras/backgrounds/sweetinn.jpg</texture>
		</control>
		<control type="image">
			<left>1258</left>
			<top>118</top>
			<width>400</width>
			<height>137</height>
			<texture>sweetinn-logo-white.png</texture>
		</control>
		<control type="textbox">
			<left>950</left>
			<top>399</top>
			<width>1020</width>
			<height>372</height>
			<font>font_Welcome</font>
			<textcolor>white</textcolor>
			<align>center</align>
			<label>31965</label>
		</control>
		<control type="button" id="100">
			<description>OK button</description>
			<left>1305</left>
			<top>750</top>
			<width>300</width>
			<height>90</height>
			<label>19194</label>
			<font>font12_title</font>
			<textcolor>white</textcolor>
			<focusedcolor>white</focusedcolor>
			<align>center</align>
			<onclick>Skin.Setbool(WelcomeDone)</onclick>
			<onclick>ReplaceWindow(Home)</onclick>
			<onleft>100</onleft>
			<onright>100</onright>
			<onup>100</onup>
			<ondown>100</ondown>
		</control>
	</controls>
</window>
