<?xml version='1.0' encoding='UTF-8'?>
<shortcuts>
	<!-- all movies -->
	<shortcut>
		<label>31050</label>
		<label2>Movies</label2>
		<defaultID>135</defaultID>
		<icon>$INFO[Window(Home).Property(SkinHelper.AllMoviesBackground)]</icon>
		<thumb />
		<action>ActivateWindow(10025,videodb://movies/titles/,return)</action>
	</shortcut>
	<!-- recenty added movies -->
	<shortcut>
		<label>31127</label>
		<label2>Movies</label2>
		<defaultID>135</defaultID>
		<icon>$INFO[Window(Home).Property(SkinHelper.RecentMoviesBackground)]</icon>
		<thumb />
		<action>ActivateWindow(10025,videodb://recentlyaddedmovies/,return)</action>
	</shortcut>
	<!-- movie genres -->
	<shortcut>
		<label>135</label>
		<label2>Movies</label2>
		<defaultID>135</defaultID>
		<icon>$INFO[Window(Home).Property(SkinHelper.AllMoviesBackground)]</icon>
		<thumb />
		<action>ActivateWindow(10025,videodb://movies/genres/,return)</action>
	</shortcut>
	<!-- movies in progress -->
	<shortcut>
		<label>31035</label>
		<label2>Movies</label2>
		<defaultID>135</defaultID>
		<icon>$INFO[Window(Home).Property(SkinHelper.InProgressMoviesBackground)]</icon>
		<thumb />
		<visible>Skin.HasSetting(IsSwitanSkin)</visible>
		<action>ActivateWindow(10025,special://skin/extras/widgetplaylists/inprogressmovies.xsp)</action>
	</shortcut>
	<!-- unwatched movies -->
	<shortcut>
		<label>16101</label>
		<label2>Movies</label2>
		<defaultID>135</defaultID>
		<icon>$INFO[Window(Home).Property(SkinHelper.UnwatchedMoviesBackground)]</icon>
		<thumb />
		<visible>Skin.HasSetting(IsSwitanSkin)</visible>
		<action>ActivateWindow(10025,special://skin/extras/widgetplaylists/unwatchedmovies.xsp)</action>
	</shortcut>
</shortcuts>
