<?xml version='1.0' encoding='UTF-8'?>
<shortcuts>
	<item>
		<defaultID>31018</defaultID>
		<label>$SKIN[31018|skin.switan|Netflix]</label>
		<label2>netflix</label2>
		<icon>resource://resource.images.skinicons.wide/netflix.png</icon>
		<thumb />
		<onclick>ActivateWindow(3019,return)</onclick>
	</item>
	<item>
		<defaultID>info-window-home-property-netflix-generic-mylist-title</defaultID>
		<label>$INFO[Window(Home).Property(netflix.generic.mylist.title)]</label>
		<label2 />
		<icon>$INFO[Window(Home).Property(netflix.generic.mylist.image)]</icon>
		<thumb>$INFO[Window(Home).Property(netflix.generic.mylist.image)]</thumb>
		<onclick>$INFO[Window(Home).Property(netflix.generic.mylist.path)]</onclick>
	</item>
	<item>
		<defaultID>info-window-home-property-netflix-generic-inprogress-title</defaultID>
		<label>$INFO[Window(Home).Property(netflix.generic.inprogress.title)]</label>
		<label2 />
		<icon>$INFO[Window(Home).Property(netflix.generic.inprogress.image)]</icon>
		<thumb>$INFO[Window(Home).Property(netflix.generic.inprogress.image)]</thumb>
		<onclick>$INFO[Window(Home).Property(netflix.generic.inprogress.path)]</onclick>
	</item>
	<item>
		<defaultID>info-window-home-property-netflix-generic-suggestions-title</defaultID>
		<label>$INFO[Window(Home).Property(netflix.generic.suggestions.title)]</label>
		<label2 />
		<icon>$INFO[Window(Home).Property(netflix.generic.suggestions.image)]</icon>
		<thumb>$INFO[Window(Home).Property(netflix.generic.suggestions.image)]</thumb>
		<onclick>$INFO[Window(Home).Property(netflix.generic.suggestions.path)]</onclick>
	</item>
	<item>
		<defaultID>info-window-home-property-netflix-generic-recent-title</defaultID>
		<label>$INFO[Window(Home).Property(netflix.generic.recent.title)]</label>
		<label2 />
		<icon>$INFO[Window(Home).Property(netflix.generic.recent.image)]</icon>
		<thumb>$INFO[Window(Home).Property(netflix.generic.recent.image)]</thumb>
		<onclick>$INFO[Window(Home).Property(netflix.generic.recent.path)]</onclick>
	</item>
</shortcuts>
