<?xml version="1.0" encoding="UTF-8" standalone="yes"?>
<addon id="repository.sweetinn" name="SweetInn Repository" version="0.0.1" provider-name="InnKeeper">
	<extension point="xbmc.addon.repository" name="SweetInn's Add-on Repository">
		<dir minversion="16.9">
			<info compressed="false">https://raw.githubusercontent.com/Quihico/repository.sweetinn/krypton/addons.xml</info>
			<checksum>https://raw.githubusercontent.com/Quihico/repository.sweetinn/krypton/addons.xml.md5</checksum>
			<datadir zip="true">https://github.com/Quihico/repository.sweetinn/raw/krypton/zips/</datadir>
		</dir>
		<dir minversion="17.9">
			<info compressed="false">https://raw.githubusercontent.com/Quihico/repository.sweetinn/leia/addons.xml</info>
			<checksum>https://raw.githubusercontent.com/Quihico/repository.sweetinn/leia/addons.xml.md5</checksum>
			<datadir zip="true">https://github.com/Quihico/repository.sweetinn/raw/leia/zips/</datadir>
		</dir>
	</extension>
	<extension point="xbmc.addon.metadata">
		<summary lang="en_GB">SweetInn's Add-on Repository</summary>
		<description lang="en_GB">Add-ons commissioned by SweetInn</description>
		<disclaimer lang="en_GB">For SweetInn usage only</disclaimer>
		<platform>all</platform>
		<source>https://github.com/Quihico/repository.sweetinn/</source>
		<assets>
			<icon>resources/icon.png</icon>
			<fanart>resources/fanart.jpg</fanart>
		</assets>
	</extension>
</addon>