<?xml version='1.0' encoding='UTF-8'?>
<shortcuts>
	<shortcut>
		<defaultID>movies</defaultID>
		<label>$LOCALIZE[342]</label>
		<label2>$LOCALIZE[342]</label2>
		<icon>resource://resource.images.skinicons.wide/movietitle.png</icon>
		<thumb>$INFO[Window(Home).Property(SkinHelper.AllMoviesBackground)]</thumb>
		<action>ActivateWindow(10025,videodb://movies/titles/,return)</action>
	</shortcut>
	<shortcut>
		<defaultID>tvshows</defaultID>
		<label>$LOCALIZE[20343]</label>
		<label2>$LOCALIZE[20343]</label2>
		<icon>resource://resource.images.skinicons.wide/tvshowtitle.png</icon>
		<thumb>$INFO[Window(Home).Property(SkinHelper.AllTvShowsBackground)]</thumb>
		<action>ActivateWindow(10025,videodb://tvshows/titles/,return)</action>
	</shortcut>
	<shortcut>
		<defaultID>musicvideos</defaultID>
		<label>$LOCALIZE[20389]</label>
		<label2>$LOCALIZE[20389]</label2>
		<icon>resource://resource.images.skinbackgrounds.titanium/musicvideotitle.jpg</icon>
		<thumb>$INFO[Window(Home).Property(SkinHelper.AllMusicVideosBackground)]</thumb>
		<action>ActivateWindow(10025,videodb://musicvideos/titles/,return)</action>
	</shortcut>
	<shortcut>
		<defaultID>19019</defaultID>
		<label>$LOCALIZE[19019]</label>
		<label2>$LOCALIZE[19019]</label2>
		<icon>resource://resource.images.skinicons.wide/playlist.png</icon>
		<thumb>$INFO[Window(Home).Property(SkinHelper.AllVideosBackground)]</thumb>
		<action>ActivateWindow(10025,plugin://plugin.program.super.favourites/?folder=Groups/All,return)</action>
	</shortcut>
	<shortcut>
		<defaultID>19069</defaultID>
		<label>$LOCALIZE[19069]</label>
		<label2>$LOCALIZE[19069]</label2>
		<icon>resource://resource.images.skinicons.wide/addonpvrclient.png</icon>
		<thumb>$INFO[Window(Home).Property(SkinHelper.PvrBackground)]</thumb>
		<action>ActivateWindow(TVGuide,return)</action>
	</shortcut>
	<shortcut>
		<defaultID>10134</defaultID>
		<label>$LOCALIZE[10134]</label>
		<label2>$LOCALIZE[10134]</label2>
		<icon>resource://resource.images.skinicons.wide/favourites.png</icon>
		<thumb>$INFO[Window(Home).Property(SkinHelper.RecentVideosBackground)]</thumb>
		<action>ActivateWindow(Favourites)</action>
	</shortcut>
	<shortcut>
		<defaultID>script-globalsearch</defaultID>
		<label>$LOCALIZE[137]</label>
		<label2>$LOCALIZE[137]</label2>
		<icon>resource://resource.images.skinicons.wide/musicsearch.png</icon>
		<thumb>$INFO[Window(Home).Property(SkinHelper.GlobalFanartBackground)]</thumb>
		<action>RunScript(script.globalsearch)</action>
	</shortcut>
</shortcuts>
