<shortcuts>
	<shortcut>
		<defaultID>20382</defaultID>
		<label>$LOCALIZE[20382]</label>
		<label2>$LOCALIZE[20382]</label2>
		<icon>$INFO[Window(Home).Property(SkinHelper.AllMoviesBackground)]</icon>
		<thumb>$INFO[Window(Home).Property(SkinHelper.AllMoviesBackground)]</thumb>
		<action>ActivateWindow(10025,videodb://recentlyaddedmovies/,return)</action>
	</shortcut>
	<shortcut>
		<defaultID>135</defaultID>
		<label>$LOCALIZE[135]</label>
		<label2>$LOCALIZE[135]</label2>
		<icon>$INFO[Window(Home).Property(SkinHelper.AllMoviesBackground)]</icon>
		<thumb>$INFO[Window(Home).Property(SkinHelper.AllMoviesBackground)]</thumb>
		<action>ActivateWindow(10025,videodb://movies/genres/,return)</action>
	</shortcut>
	<shortcut>
		<defaultID>652</defaultID>
		<label>$LOCALIZE[652]</label>
		<label2>$LOCALIZE[652]</label2>
		<icon>$INFO[Window(Home).Property(SkinHelper.AllMoviesBackground)]</icon>
		<thumb>$INFO[Window(Home).Property(SkinHelper.AllMoviesBackground)]</thumb>
		<action>ActivateWindow(10025,videodb://movies/years/,return)</action>
	</shortcut>
	<shortcut>
		<defaultID>344</defaultID>
		<label>$LOCALIZE[344]</label>
		<label2>$LOCALIZE[344]</label2>
		<icon>$INFO[Window(Home).Property(SkinHelper.AllMoviesBackground)]</icon>
		<thumb>$INFO[Window(Home).Property(SkinHelper.AllMoviesBackground)]</thumb>
		<action>ActivateWindow(10025,videodb://movies/actors/,return)</action>
	</shortcut>
	<shortcut>
		<defaultID>20348</defaultID>
		<label>$LOCALIZE[20348]</label>
		<label2>$LOCALIZE[20348]</label2>
		<icon>$INFO[Window(Home).Property(SkinHelper.AllMoviesBackground)]</icon>
		<thumb>$INFO[Window(Home).Property(SkinHelper.AllMoviesBackground)]</thumb>
		<action>ActivateWindow(10025,videodb://movies/directors/,return)</action>
	</shortcut>
	<shortcut>
		<defaultID>20388</defaultID>
		<label>$LOCALIZE[20388]</label>
		<label2>$LOCALIZE[20388]</label2>
		<icon>$INFO[Window(Home).Property(SkinHelper.AllMoviesBackground)]</icon>
		<thumb>$INFO[Window(Home).Property(SkinHelper.AllMoviesBackground)]</thumb>
		<action>ActivateWindow(10025,videodb://movies/studios/,return)</action>
	</shortcut>
	<shortcut>
		<defaultID>20434</defaultID>
		<label>$LOCALIZE[20434]</label>
		<label2>$LOCALIZE[20434]</label2>
		<icon>$INFO[Window(Home).Property(SkinHelper.AllMoviesBackground)]</icon>
		<thumb>$INFO[Window(Home).Property(SkinHelper.AllMoviesBackground)]</thumb>
		<action>ActivateWindow(10025,videodb://movies/sets/,return)</action>
	</shortcut>
	<shortcut>
		<defaultID>20434</defaultID>
		<label>$LOCALIZE[20434]</label>
		<label2>$LOCALIZE[20434]</label2>
		<icon>$INFO[Window(Home).Property(SkinHelper.AllMoviesBackground)]</icon>
		<thumb>$INFO[Window(Home).Property(SkinHelper.AllMoviesBackground)]</thumb>
		<action>ActivateWindow(10025,videodb://movies/sets/,return)</action>
	</shortcut>
	<shortcut>
		<defaultID>20451</defaultID>
		<label>$LOCALIZE[20451]</label>
		<label2>$LOCALIZE[20451]</label2>
		<icon>$INFO[Window(Home).Property(SkinHelper.AllMoviesBackground)]</icon>
		<thumb>$INFO[Window(Home).Property(SkinHelper.AllMoviesBackground)]</thumb>
		<action>ActivateWindow(10025,videodb://movies/countries/,return)</action>
	</shortcut>
	<shortcut>
		<defaultID>20459</defaultID>
		<label>$LOCALIZE[20459]</label>
		<label2>$LOCALIZE[20459]</label2>
		<icon>$INFO[Window(Home).Property(SkinHelper.AllMoviesBackground)]</icon>
		<thumb>$INFO[Window(Home).Property(SkinHelper.AllMoviesBackground)]</thumb>
		<action>ActivateWindow(10025,videodb://movies/tags/,return)</action>
	</shortcut>
</shortcuts>
